订单码,证书编码,质检批次号,入库批次号,货盘编号,批次生成时间,质检完成时间,复核完成时间,制证完成时间,商品名称,商品材质,镶嵌材质,商品质量,状态,店铺id,店铺名称,订单编号,质检价格,是否复检,商品价格,质检结果,驳回原因,驳回备注,机构地址,配件材质,宝玉石结论,贵金属结论,瑕疵属性,是否挂签,重量,备注,饰品类型,计量单位,检测结果,样品状态描述,检测性质,报告用途,结果出具形式,样品贮存要求,场地,证书链接
0502456487	,ZJ2607027910	,962607130104	,A54060071	,0	,2026-07-13 14:22:40	,-	,-	,-	,春***子翡翠吊坠(不含链)未镶嵌	,翡翠	,未镶嵌	,"	",质检中	,37574944	,金鑫珠宝甄选	,6927921815044586669	,0	,否	,价格较高	,"	","	","	","	","	","	","	","	","	","	","	","	",个	,"	","	",委托检测	,社会证明作用	,验证证书	,常温	
0049447079	,ZJ2607027911	,962607130104	,A54060071	,0	,2026-07-13 14:22:40	,-	,-	,-	,吊坠(不含链)未镶嵌翡翠	,翡翠	,未镶嵌	,"	",质检中	,37574944	,金鑫珠宝甄选	,6927901661151853741	,0	,否	,价格较高	,"	","	","	","	","	","	","	","	","	","	","	","	",个	,"	","	",委托检测	,社会证明作用	,验证证书	,常温	
0049315874	,ZJ2607027857	,962607130098	,A54057822	,0	,2026-07-13 14:18:17	,-	,-	,-	,传世级 藕冰猫一线猫和田玉108项链 18K金 8mm± H071128	,和田玉	,未镶嵌	,"	",质检中	,251166340	,恒正珠宝六店	,6927881370850852816	,0	,否	,价格较高	,"	","	","	","	",18K金	,"	","	","	","	",83.49g	,"	","	",个	,"	","	",委托检测	,社会证明作用	,验证证书	,常温	
0552681506	,ZJ2607027912	,962607130105	,A54053242	,0	,2026-07-13 14:23:46	,-	,-	,-	,典藏级 和田玉俄七辣阳绿平安环耳饰 18K H071201	,和田玉	,18K金镶嵌	,"	",批次已生成	,251166340	,恒正珠宝六店	,6954411169563153638	,0	,否	,价格较高	,"	","	","	","	","	","	","	","	","	","	","	","	",个	,"	","	",委托检测	,社会证明作用	,验证证书	,常温	
0972111906	,ZJ2607027914	,962607130105	,A54053242	,0	,2026-07-13 14:23:46	,-	,-	,-	,典藏级 和田玉俄七辣绿聚红皮高色平安扣 18K 21*12mm± H071136	,和田玉	,未镶嵌	,"	",批次已生成	,251166340	,恒正珠宝六店	,6927850129469111809	,0	,否	,价格较高	,"	","	","	","	",18K金	,"	","	","	","	","	","	","	",个	,"	","	",委托检测	,社会证明作用	,验证证书	,常温	
0871448610	,ZJ2607027915	,962607130105	,A54053242	,0	,2026-07-13 14:23:46	,-	,-	,-	,典藏级 和田玉俄七辣绿聚红皮高色平安扣 18K 21*12mm± H071136	,和田玉	,未镶嵌	,"	",批次已生成	,251166340	,恒正珠宝六店	,6927852406217604892	,0	,否	,价格较高	,"	","	","	","	",18K金	,"	","	","	","	","	","	","	",个	,"	","	",委托检测	,社会证明作用	,验证证书	,常温	
1055969314	,ZJ2607027913	,962607130105	,A54053242	,0	,2026-07-13 14:23:46	,-	,-	,-	,典藏级 和田玉俄七辣绿聚红皮高色手串 7mm± H071121	,和田玉	,未镶嵌	,"	",批次已生成	,251166340	,恒正珠宝六店	,6927910794058104541	,0	,否	,价格较高	,"	","	","	","	","	","	","	","	","	","	","	","	",个	,"	","	",委托检测	,社会证明作用	,验证证书	,常温	
0670122018	,ZJ2607027919	,962607130105	,A54053242	,0	,2026-07-13 14:23:46	,-	,-	,-	,典藏级 和田玉冰藕白起荧光高冰手镯 56圈口 H071069白	,和田玉	,未镶嵌	,"	",批次已生成	,251166340	,恒正珠宝六店	,6927901080165710959	,0	,否	,价格较高	,"	","	","	","	","	","	","	","	","	","	","	","	",个	,"	","	",委托检测	,社会证明作用	,验证证书	,常温	
1072721954	,ZJ2607027916	,962607130105	,A54053242	,0	,2026-07-13 14:23:46	,-	,-	,-	,典藏级 和田玉且末红糖高色糖包肉高定手串 18K 12mm± H070225	,和田玉	,18K金镶嵌	,"	",批次已生成	,251166340	,恒正珠宝六店	,6927885870778317973	,0	,否	,价格较高	,"	","	","	","	","	","	","	","	","	","	","	","	",个	,"	","	",委托检测	,社会证明作用	,验证证书	,常温	
0988860450	,ZJ2607027918	,962607130105	,A54053242	,0	,2026-07-13 14:23:46	,-	,-	,-	,典藏级 新疆和田玉白玉山料直切手串 18K 6mm± H050131	,和田玉	,未镶嵌	,"	",批次已生成	,251166340	,恒正珠宝六店	,6954408776580208454	,0	,否	,价格较高	,"	","	","	","	",18K金	,"	","	","	","	","	","	","	",个	,"	","	",委托检测	,社会证明作用	,验证证书	,常温	
1072746530	,ZJ2607027917	,962607130105	,A54053242	,0	,2026-07-13 14:23:46	,-	,-	,-	,典藏级 新疆和田玉白玉山料直切手串 18K 6mm± H050131	,和田玉	,未镶嵌	,"	",批次已生成	,251166340	,恒正珠宝六店	,6954415470404965739	,0	,否	,价格较高	,"	","	","	","	",18K金	,"	","	","	","	","	","	","	",个	,"	","	",委托检测	,社会证明作用	,验证证书	,常温	
1005609098	,ZJ2607027920	,962607130106	,A54057625	,0	,2026-07-13 14:24:19	,-	,-	,-	,18K金镶嵌戒指翡翠阳绿蛋面	,翡翠	,18K金镶嵌	,"	",批次已生成	,184764171	,亚兰珠宝	,6954415916486563109	,0	,否	,价格较高	,"	","	","	","	",钻石	,"	","	","	","	","	","	","	",个	,"	","	",委托检测	,社会证明作用	,验证证书	,常温	
0032592030	,ZJ2607027921	,962607130106	,A54057625	,0	,2026-07-13 14:24:19	,-	,-	,-	,高冰满绿蛋面戒指	,翡翠	,18K金镶嵌	,"	",批次已生成	,184764171	,亚兰珠宝	,6954423388874675493	,0	,否	,价格较高	,"	","	","	","	",钻石	,"	","	","	","	","	","	","	",个	,"	","	",委托检测	,社会证明作用	,验证证书	,常温	
0217141372	,ZJ2607027848	,962607130094	,A54060098	,1	,2026-07-13 14:12:47	,-	,-	,-	,【扶摇臻选】扶摇珠宝羊板眼天珠银款项链（多样性发其一）6622	,玛瑙/玉髓（覆膜）	,未镶嵌	,"	",质检中	,186203362	,扶摇六店	,6954409075267999115	,0	,否	,799	,"	","	","	","	","银S925,青金石	","	","	","	","	",17.77g	,"	","	",个	,"	","	",委托检测	,社会证明作用	,验证证书	,常温	
0099528656	,ZJ2607027783	,962607130085	,A54051613	,1	,2026-07-13 13:50:25	,2026-07-13 14:24:11	,2026-07-13 14:26:23	,-	,沉香L【玉总珠宝】925银沉香项链-约5mm 多样性发一 CAN1400876	,沉香	,"	","	",待制证	,236145150	,星阑严选店	,6927851658155097666	,5.7	,否	,399	,通过	,"	","	","	",无配饰	,和田玉	,"	","	","	",11.18g(含绳)	,"木质配饰未检,金属配件为银S925	",项链	,个	,合格	,完好无污损	,委托检测	,社会证明作用	,验证证书	,常温	
0046006332	,ZJ2607027856	,962607130097	,A54058077	,0	,2026-07-13 14:17:45	,-	,-	,-	,赫***中玛瑙/玉髓散珠49-	,玛瑙/玉髓	,"	","	",质检中	,176962381	,一三珠宝	,6954406686090204200	,0	,否	,190	,"	","	","	","	","	","	","	","	","	",4.80g	,"	","	",个	,"	","	",委托检测	,社会证明作用	,验证证书	,常温	
0099700901	,ZJ2607027854	,962607130096	,A54059670	,0	,2026-07-13 14:16:55	,-	,-	,-	,S925银豪镶菠菜绿玉髓滴水网红爆款耳钩	,玛瑙/玉髓	,银S925镀金镶嵌	,12.9mm	,质检中	,25465330	,卡企亚珠宝	,6954409381924377611	,0	,否	,159	,"	","	","	","	",银S925	,"	","	","	","	",5.43g	,"	","	",个	,"	","	",委托检测	,社会证明作用	,验证证书	,常温	
0116478117	,ZJ2607027855	,962607130096	,A54059670	,0	,2026-07-13 14:16:55	,-	,-	,-	,S925银豪镶菠菜绿玉髓滴水网红爆款耳钩	,玛瑙/玉髓	,银S925镀金镶嵌	,12.9mm	,质检中	,25465330	,卡企亚珠宝	,6927810088775220889	,0	,否	,159	,"	","	","	","	",银S925	,"	","	","	","	",5.37g	,"	","	",个	,"	","	",委托检测	,社会证明作用	,验证证书	,常温	
0233922720	,ZJ2607027858	,962607130099	,A54058487	,0	,2026-07-13 14:18:46	,-	,-	,-	,【宸企珠宝】绿玉髓18K金镶嵌豆角满绿吊坠 时尚百搭福豆挂坠	,玛瑙/玉髓	,18K金镶嵌	,"	",批次已生成	,9595486	,宸企珠宝	,6954418450411230487	,0	,否	,169	,"	","	","	","	",18K金	,"	","	","	","	","	","	","	",个	,"	","	",委托检测	,社会证明作用	,验证证书	,常温	
0854671394	,ZJ2607027888	,962607130102	,A54050232	,0	,2026-07-13 14:20:25	,-	,-	,-	,和田玉绿猫起荧光中古风银镶戒指 开口戒 H061828	,和田玉	,银S925镀金镶嵌	,"	",质检中	,251166340	,恒正珠宝六店	,6927886174250826816	,0	,否	,799	,"	","	","	","	","	","	","	","	","	","	","	","	",个	,"	","	",委托检测	,社会证明作用	,验证证书	,常温	
0200364066	,ZJ2607027887	,962607130102	,A54050232	,0	,2026-07-13 14:20:25	,-	,-	,-	,传世级 和田玉黑羊洞薄荷奶绿莫奈花园高定戒 18K金 15号 H070402	,和田玉	,18K金镶嵌	,"	",质检中	,251166340	,恒正珠宝六店	,6927914862262582459	,0	,否	,价格较高	,"	","	","	","	","	","	","	","	","	","	","	","	",个	,"	","	",委托检测	,社会证明作用	,验证证书	,常温	
0804311074	,ZJ2607027890	,962607130102	,A54050232	,0	,2026-07-13 14:20:25	,-	,-	,-	,典藏级 新疆和田玉白玉素金款戒指 18K 14号 H060108	,和田玉	,18K金镶嵌	,"	",质检中	,251166340	,恒正珠宝六店	,6954390590675096743	,0	,否	,价格较高	,"	","	","	","	",和田玉	,"	","	","	","	","	","	","	",个	,"	","	",委托检测	,社会证明作用	,验证证书	,常温	
0200335394	,ZJ2607027889	,962607130102	,A54050232	,0	,2026-07-13 14:20:25	,-	,-	,-	,典藏级 新疆和田玉白玉素金款戒指 18K 14号 H060108	,和田玉	,18K金镶嵌	,"	",质检中	,251166340	,恒正珠宝六店	,6954397688708076946	,0	,否	,价格较高	,"	","	","	","	",和田玉	,"	","	","	","	","	","	","	",个	,"	","	",委托检测	,社会证明作用	,验证证书	,常温	
0703647778	,ZJ2607027891	,962607130102	,A54050232	,0	,2026-07-13 14:20:25	,-	,-	,-	,典藏级 新疆和田玉白玉素金款戒指 18K 14号 H060108	,和田玉	,18K金镶嵌	,"	",质检中	,251166340	,恒正珠宝六店	,6954399916930307109	,0	,否	,价格较高	,"	","	","	","	",和田玉	,"	","	","	","	","	","	","	",个	,"	","	",委托检测	,社会证明作用	,验证证书	,常温	
0737230882	,ZJ2607027894	,962607130102	,A54050232	,0	,2026-07-13 14:20:25	,-	,-	,-	,典藏级 新疆和田玉白玉素金款戒指 18K 14号 H060108	,和田玉	,18K金镶嵌	,"	",质检中	,251166340	,恒正珠宝六店	,6954440400537916948	,0	,否	,价格较高	,"	","	","	","	",和田玉	,"	","	","	","	","	","	","	",个	,"	","	",委托检测	,社会证明作用	,验证证书	,常温	
0804339746	,ZJ2607027924	,962607130107	,A54056722	,0	,2026-07-13 14:25:48	,-	,-	,-	,典藏级 和田玉夹层粉绿猫眼起荧光手串 18K金 10mm± H052915	,和田玉	,未镶嵌	,"	",批次已生成	,251166340	,恒正珠宝六店	,6927890582789979200	,0	,否	,价格较高	,"	","	","	","	",18K金	,"	","	","	","	","	","	","	",个	,"	","	",委托检测	,社会证明作用	,验证证书	,常温	
0955306018	,ZJ2607027893	,962607130102	,A54050232	,0	,2026-07-13 14:20:25	,-	,-	,-	,典藏级 新疆和田玉白玉素金款戒指 18K 14号 H060108	,和田玉	,18K金镶嵌	,"	",质检中	,251166340	,恒正珠宝六店	,6954419598557517108	,0	,否	,价格较高	,"	","	","	","	",和田玉	,"	","	","	","	","	","	","	",个	,"	","	",委托检测	,社会证明作用	,验证证书	,常温	
0032563234	,ZJ2607027935	,962607130107	,A54056722	,0	,2026-07-13 14:25:48	,-	,-	,-	,传世级 和田玉果绿爆米花起荧光高定108项链 18K金 6mm± H070809	,和田玉	,未镶嵌	,"	",批次已生成	,251166340	,恒正珠宝六店	,6954399988800885990	,0	,否	,价格较高	,"	","	","	","	",18K金	,"	","	","	","	","	","	","	",个	,"	","	",委托检测	,社会证明作用	,验证证书	,常温	
0099672098	,ZJ2607027934	,962607130107	,A54056722	,0	,2026-07-13 14:25:48	,-	,-	,-	,传世级 和田玉果绿爆米花起荧光高定108项链 18K金 6mm± H070808	,和田玉	,未镶嵌	,"	",批次已生成	,251166340	,恒正珠宝六店	,6927887862842228521	,0	,否	,价格较高	,"	","	","	","	",18K金	,"	","	","	","	","	","	","	",个	,"	","	",委托检测	,社会证明作用	,验证证书	,常温	
0837865506	,ZJ2607027895	,962607130102	,A54050232	,0	,2026-07-13 14:20:25	,-	,-	,-	,典藏级 新疆和田玉白玉素金款戒指 18K 14号 H060108	,和田玉	,18K金镶嵌	,"	",质检中	,251166340	,恒正珠宝六店	,6954408732161545313	,0	,否	,价格较高	,"	","	","	","	",和田玉	,"	","	","	","	","	","	","	",个	,"	","	",委托检测	,社会证明作用	,验证证书	,常温	
0066117666	,ZJ2607027936	,962607130107	,A54056722	,0	,2026-07-13 14:25:48	,-	,-	,-	,传世级 和田玉俄七辣绿起荧光高色108高定链 18K 6mm± H070910	,和田玉	,未镶嵌	,"	",批次已生成	,251166340	,恒正珠宝六店	,6954408822637729098	,0	,否	,价格较高	,"	","	","	","	",18K金	,"	","	","	","	","	","	","	",个	,"	","	",委托检测	,社会证明作用	,验证证书	,常温	
0921751586	,ZJ2607027892	,962607130102	,A54050232	,0	,2026-07-13 14:20:25	,-	,-	,-	,典藏级 新疆和田玉白玉素金款戒指 18K 14号 H060108	,和田玉	,18K金镶嵌	,"	",质检中	,251166340	,恒正珠宝六店	,6954403590634870679	,0	,否	,价格较高	,"	","	","	","	",和田玉	,"	","	","	","	","	","	","	",个	,"	","	",委托检测	,社会证明作用	,验证证书	,常温	
0082894882	,ZJ2607027926	,962607130107	,A54056722	,0	,2026-07-13 14:25:48	,-	,-	,-	,典藏级 和田玉爆米花果绿直切金盾手串 6mm± H052938	,和田玉	,未镶嵌	,"	",批次已生成	,251166340	,恒正珠宝六店	,6927874514236243391	,0	,否	,价格较高	,"	","	","	","	",和田玉	,"	","	","	","	","	","	","	",个	,"	","	",委托检测	,社会证明作用	,验证证书	,常温	
0133226530	,ZJ2607027930	,962607130107	,A54056722	,0	,2026-07-13 14:25:48	,-	,-	,-	,传世级 和田玉俄七浓粉绿起荧光高定手串 18K金 8mm± H070905	,和田玉	,未镶嵌	,"	",批次已生成	,251166340	,恒正珠宝六店	,6954430854189225190	,0	,否	,价格较高	,"	","	","	","	",18K金	,"	","	","	","	","	","	","	",个	,"	","	",委托检测	,社会证明作用	,验证证书	,常温	
0066113570	,ZJ2607027937	,962607130107	,A54056722	,0	,2026-07-13 14:25:48	,-	,-	,-	,典藏级 和田玉绿猫起荧光设计款项链 S925 10mm± H071207	,和田玉	,未镶嵌	,"	",批次已生成	,251166340	,恒正珠宝六店	,6954425405912061318	,0	,否	,价格较高	,"	","	","	","	",银S925	,"	","	","	","	","	","	","	",个	,"	","	",委托检测	,社会证明作用	,验证证书	,常温	
0082890786	,ZJ2607027938	,962607130107	,A54056722	,0	,2026-07-13 14:25:48	,-	,-	,-	,典藏级 和田玉绿猫起荧光设计款项链 S925 10mm± H071207	,和田玉	,未镶嵌	,"	",批次已生成	,251166340	,恒正珠宝六店	,6954405946465392364	,0	,否	,价格较高	,"	","	","	","	",银S925	,"	","	","	","	","	","	","	",个	,"	","	",委托检测	,社会证明作用	,验证证书	,常温	
0720453666	,ZJ2607027925	,962607130107	,A54056722	,0	,2026-07-13 14:25:48	,-	,-	,-	,典藏级 和田玉俄七辣阳绿金盾直切手串 18K金 6.7mm± H033119	,和田玉	,未镶嵌	,"	",批次已生成	,251166340	,恒正珠宝六店	,6954404362350368711	,0	,否	,价格较高	,"	","	","	","	",18K金	,"	","	","	","	","	","	","	",个	,"	","	",委托检测	,社会证明作用	,验证证书	,常温	
0032591906	,ZJ2607027927	,962607130107	,A54056722	,0	,2026-07-13 14:25:48	,-	,-	,-	,典藏级 和田玉老坑辣绿菠菜绿高色手串 18K 12mm± H063003	,和田玉	,未镶嵌	,"	",批次已生成	,251166340	,恒正珠宝六店	,6927881448870870080	,0	,否	,价格较高	,"	","	","	","	",18K金	,"	","	","	","	","	","	","	",个	,"	","	",委托检测	,社会证明作用	,验证证书	,常温	
0821116962	,ZJ2607027929	,962607130107	,A54056722	,0	,2026-07-13 14:25:48	,-	,-	,-	,典藏级 和田玉烟紫帝王紫细料并蒂莲高定醒狮手串 11mm± H051583	,和田玉	,未镶嵌	,"	",批次已生成	,251166340	,恒正珠宝六店	,6954425750468433219	,0	,否	,价格较高	,"	","	","	","	",和田玉	,"	","	","	","	","	","	","	",个	,"	","	",委托检测	,社会证明作用	,验证证书	,常温	
1005637666	,ZJ2607027928	,962607130107	,A54056722	,0	,2026-07-13 14:25:48	,-	,-	,-	,典藏级 和田玉俄七辣绿高色直切手串 18K金 9mm± H070903	,和田玉	,未镶嵌	,"	",批次已生成	,251166340	,恒正珠宝六店	,6954425440951866511	,0	,否	,价格较高	,"	","	","	","	",18K金	,"	","	","	","	","	","	","	",个	,"	","	",委托检测	,社会证明作用	,验证证书	,常温	
0619790370	,ZJ2607027931	,962607130107	,A54056722	,0	,2026-07-13 14:25:48	,-	,-	,-	,传世级 新疆和田玉且末聚宝盆糖老蜡手串18K金12mm 多样性发一串	,和田玉	,未镶嵌	,"	",批次已生成	,251166340	,恒正珠宝六店	,6927887997556194630	,0	,否	,价格较高	,"	","	","	","	",18K金	,"	","	","	","	","	","	","	",个	,"	","	",委托检测	,社会证明作用	,验证证书	,常温	
0670093346	,ZJ2607027922	,962607130107	,A54056722	,0	,2026-07-13 14:25:48	,-	,-	,-	,典藏级 和田玉老坑辣绿聚红皮“钱袋子”吊坠 27*29*12mm± H71200	,和田玉	,未镶嵌	,"	",批次已生成	,251166340	,恒正珠宝六店	,6954415376826045832	,0	,否	,价格较高	,"	","	","	","	","	","	","	","	","	","	","	","	",个	,"	","	",委托检测	,社会证明作用	,验证证书	,常温	
0233889826	,ZJ2607027923	,962607130107	,A54056722	,0	,2026-07-13 14:25:48	,-	,-	,-	,典藏级 和田玉俄七辣绿满肉高色元宝手串 18K 30*10mm± H071211	,和田玉	,未镶嵌	,"	",批次已生成	,251166340	,恒正珠宝六店	,6927905279606881677	,0	,否	,价格较高	,"	","	","	","	","	","	","	","	","	","	","	","	",个	,"	","	",委托检测	,社会证明作用	,验证证书	,常温	
0082923554	,ZJ2607027932	,962607130107	,A54056722	,0	,2026-07-13 14:25:48	,-	,-	,-	,典藏级 和田玉冰烟紫宝葫芦高定双圈手串 8mm±  H030638	,和田玉	,未镶嵌	,"	",批次已生成	,251166340	,恒正珠宝六店	,6954422778117428321	,0	,否	,价格较高	,"	","	","	","	",18K金	,"	","	","	","	","	","	","	",个	,"	","	",委托检测	,社会证明作用	,验证证书	,常温	
0703676450	,ZJ2607027933	,962607130107	,A54056722	,0	,2026-07-13 14:25:48	,-	,-	,-	,典藏级 和田玉冰烟紫宝葫芦高定双圈手串 8mm±  H030638	,和田玉	,未镶嵌	,"	",批次已生成	,251166340	,恒正珠宝六店	,6954422804277826998	,0	,否	,价格较高	,"	","	","	","	",18K金	,"	","	","	","	","	","	","	",个	,"	","	",委托检测	,社会证明作用	,验证证书	,常温	
0317775906	,ZJ2607027909	,962607130103	,A54049058	,0	,2026-07-13 14:22:08	,-	,-	,-	,典藏级 和田玉俄七辣阳绿起荧光高色方糖耳钉耳饰 18K金 H070912	,和田玉	,18K金镶嵌	,"	",质检中	,251166340	,恒正珠宝六店	,6954397721963599250	,0	,否	,价格较高	,"	","	","	","	","	","	","	","	","	","	","	","	",个	,"	","	",委托检测	,社会证明作用	,验证证书	,常温	
0535879714	,ZJ2607027908	,962607130103	,A54049058	,0	,2026-07-13 14:22:08	,-	,-	,-	,典藏级 和田玉俄七夹层极致浓粉绿极简耳钉 18K金 H071112	,和田玉	,18K金镶嵌	,"	",质检中	,251166340	,恒正珠宝六店	,6954393442371639178	,0	,否	,价格较高	,"	","	","	","	","	","	","	","	","	","	","	","	",个	,"	","	",委托检测	,社会证明作用	,验证证书	,常温	
0183554082	,ZJ2607027907	,962607130103	,A54049058	,0	,2026-07-13 14:22:08	,-	,-	,-	,典藏级 和田玉俄七冰阳绿高色圆蛋面耳饰 18K金 H061113	,和田玉	,18K金镶嵌	,"	",质检中	,251166340	,恒正珠宝六店	,6927887783923384272	,0	,否	,价格较高	,"	","	","	","	","	","	","	","	","	","	","	","	",个	,"	","	",委托检测	,社会证明作用	,验证证书	,常温	
0770785314	,ZJ2607027905	,962607130103	,A54049058	,0	,2026-07-13 14:22:08	,-	,-	,-	,典藏级 和田玉晶体绿猫一线天高定耳钉 18K金 H122001	,和田玉	,18K金镶嵌	,"	",质检中	,251166340	,恒正珠宝六店	,6927888028572810939	,0	,否	,价格较高	,"	","	","	","	",和田玉	,"	","	","	","	","	","	","	",个	,"	","	",委托检测	,社会证明作用	,验证证书	,常温	
0435216418	,ZJ2607027906	,962607130103	,A54049058	,0	,2026-07-13 14:22:08	,-	,-	,-	,典藏级 和田玉俄七辣阳绿起荧光高色方糖耳钉耳饰 18K金 H070912	,和田玉	,18K金镶嵌	,"	",质检中	,251166340	,恒正珠宝六店	,6927885599032639365	,0	,否	,价格较高	,"	","	","	","	","	","	","	","	","	","	","	","	",个	,"	","	",委托检测	,社会证明作用	,验证证书	,常温	
0653344802	,ZJ2607027903	,962607130103	,A54049058	,0	,2026-07-13 14:22:08	,-	,-	,-	,典藏级 和田玉俄七辣绿聚红皮超大福豆耳饰 18K H071155	,和田玉	,18K金镶嵌	,"	",质检中	,251166340	,恒正珠宝六店	,6927885811142262473	,0	,否	,价格较高	,"	","	","	","	","	","	","	","	","	","	","	","	",个	,"	","	",委托检测	,社会证明作用	,验证证书	,常温	
0787562530	,ZJ2607027900	,962607130103	,A54049058	,0	,2026-07-13 14:22:08	,-	,-	,-	,典藏级 和田玉俄七辣绿聚红皮超大福豆耳饰 18K H071155	,和田玉	,18K金镶嵌	,"	",质检中	,251166340	,恒正珠宝六店	,6954411266357466830	,0	,否	,价格较高	,"	","	","	","	","	","	","	","	","	","	","	","	",个	,"	","	",委托检测	,社会证明作用	,验证证书	,常温	
1005613090	,ZJ2607027901	,962607130103	,A54049058	,0	,2026-07-13 14:22:08	,-	,-	,-	,典藏级 和田玉俄七辣绿聚红皮超大福豆耳饰 18K H071155	,和田玉	,18K金镶嵌	,"	",质检中	,251166340	,恒正珠宝六店	,6954428620500178430	,0	,否	,价格较高	,"	","	","	","	","	","	","	","	","	","	","	","	",个	,"	","	",委托检测	,社会证明作用	,验证证书	,常温	
0334577698	,ZJ2607027902	,962607130103	,A54049058	,0	,2026-07-13 14:22:08	,-	,-	,-	,典藏级 和田玉俄七辣绿聚红皮超大福豆耳饰 18K H071155	,和田玉	,18K金镶嵌	,"	",质检中	,251166340	,恒正珠宝六店	,6954428615331813152	,0	,否	,价格较高	,"	","	","	","	","	","	","	","	","	","	","	","	",个	,"	","	",委托检测	,社会证明作用	,验证证书	,常温	
0418463778	,ZJ2607027904	,962607130103	,A54049058	,0	,2026-07-13 14:22:08	,-	,-	,-	,典藏级 和田玉俄七辣绿聚红皮超大福豆耳饰 18K H071155	,和田玉	,18K金镶嵌	,"	",质检中	,251166340	,恒正珠宝六店	,6954415612926760491	,0	,否	,价格较高	,"	","	","	","	","	","	","	","	","	","	","	","	",个	,"	","	",委托检测	,社会证明作用	,验证证书	,常温	
0250667042	,ZJ2607027899	,962607130103	,A54049058	,0	,2026-07-13 14:22:08	,-	,-	,-	,典藏级 和田玉俄七浓粉绿起荧菩提叶浓粉绿高定银镶耳饰 10mm±	,和田玉	,银S925镀金镶嵌	,"	",质检中	,251166340	,恒正珠宝六店	,6954428457350993126	,0	,否	,价格较高	,"	","	","	","	",和田玉	,"	","	","	","	","	","	","	",个	,"	","	",委托检测	,社会证明作用	,验证证书	,常温	
0988889122	,ZJ2607027852	,962607130095	,A54057771	,1	,2026-07-13 14:14:31	,-	,-	,-	,典藏级 和田玉烟紫高色帝王紫莫奈鸽子蛋坠 18K 46*25*13mm± 	,和田玉	,18K金镶嵌	,"	",质检中	,251166340	,恒正珠宝六店	,6954431091180573926	,0	,否	,价格较高	,"	","	","	","	","	","	","	","	","	",17.27g	,"	","	",个	,"	","	",委托检测	,社会证明作用	,验证证书	,常温	
0468795426	,ZJ2607027898	,962607130103	,A54049058	,0	,2026-07-13 14:22:08	,-	,-	,-	,典藏级 和田玉俄七辣阳绿平安环耳饰 18K H071201	,和田玉	,18K金镶嵌	,"	",质检中	,251166340	,恒正珠宝六店	,6927910960281582989	,0	,否	,价格较高	,"	","	","	","	","	","	","	","	","	","	","	","	",个	,"	","	",委托检测	,社会证明作用	,验证证书	,常温	
1055944738	,ZJ2607027853	,962607130095	,A54057771	,1	,2026-07-13 14:14:31	,-	,-	,-	,典藏级 和田玉浓藕粉红藕莫奈鸽子蛋坠 18K 53*26*15mm± H071208	,和田玉	,18K金镶嵌	,"	",质检中	,251166340	,恒正珠宝六店	,6927881289298574485	,0	,否	,价格较高	,"	","	","	","	","	","	","	","	","	",28.06g	,"	","	",个	,"	","	",委托检测	,社会证明作用	,验证证书	,常温	
0535904290	,ZJ2607027897	,962607130103	,A54049058	,0	,2026-07-13 14:22:08	,-	,-	,-	,典藏级 和田玉俄七辣阳绿平安环耳饰 18K H071201	,和田玉	,18K金镶嵌	,"	",质检中	,251166340	,恒正珠宝六店	,6927885807552528073	,0	,否	,价格较高	,"	","	","	","	","	","	","	","	","	","	","	","	",个	,"	","	",委托检测	,社会证明作用	,验证证书	,常温	
0150032418	,ZJ2607027850	,962607130095	,A54057771	,1	,2026-07-13 14:14:31	,-	,-	,-	,传世级 和田玉俄七辣绿高色宝葫芦吊坠 18K金 45*25*9mm± H050812	,和田玉	,18K金镶嵌	,"	",质检中	,251166340	,恒正珠宝六店	,6954425550071141646	,0	,否	,价格较高	,"	","	","	","	",和田玉	,"	","	","	","	",11.98g	,"	","	",个	,"	","	",委托检测	,社会证明作用	,验证证书	,常温	
0737202210	,ZJ2607027896	,962607130103	,A54049058	,0	,2026-07-13 14:22:08	,-	,-	,-	,传世级 和田玉顶俄白超大圆蛋面高定耳饰 18K 20*11mm± H071217	,和田玉	,18K金镶嵌	,"	",质检中	,251166340	,恒正珠宝六店	,6954405898313536679	,0	,否	,价格较高	,"	","	","	","	","	","	","	","	","	","	","	","	",个	,"	","	",委托检测	,社会证明作用	,验证证书	,常温	
0334581794	,ZJ2607027851	,962607130095	,A54057771	,1	,2026-07-13 14:14:31	,-	,-	,-	,典藏级 和田玉俄七辣绿聚红皮宝葫芦坠 18K 36*19*10mm± H071212	,和田玉	,18K金镶嵌	,"	",质检中	,251166340	,恒正珠宝六店	,6954417920340268458	,0	,否	,价格较高	,"	","	","	","	","	","	","	","	","	",9.94g	,"	","	",个	,"	","	",委托检测	,社会证明作用	,验证证书	,常温	
0686899234	,ZJ2607027849	,962607130095	,A54057771	,1	,2026-07-13 14:14:31	,-	,-	,-	,典藏级 和田玉俄七聚红皮辣色宝葫芦葫芦吊坠 41*25*15mm 18k金	,和田玉	,18K金镶嵌	,"	",质检中	,251166340	,恒正珠宝六店	,6954406242141803790	,0	,否	,价格较高	,"	","	","	","	",和田玉	,"	","	","	","	",13.06g	,"	","	",个	,"	","	",委托检测	,社会证明作用	,验证证书	,常温	
0720400418	,ZJ2607027755	,962607130080	,A54052897	,1	,2026-07-13 13:40:45	,2026-07-13 14:10:50	,-	,-	,传世级 和田玉俄七辣阳绿起荧光高色手串 12mm± H071122	,和田玉	,未镶嵌	,"	",复核中	,251166340	,恒正珠宝六店	,6954428594051683961	,5.7	,否	,价格较高	,"	","	","	","	","	",和田玉	,"	","	","	",47.11g(含签)	,---	,手链	,个	,"	","	",委托检测	,社会证明作用	,验证证书	,常温	
0603013154	,ZJ2607027758	,962607130080	,A54052897	,1	,2026-07-13 13:40:45	,2026-07-13 14:10:50	,-	,-	,典藏级 和田玉老坑辣绿老型荧光手串 12mm± H071113	,和田玉	,未镶嵌	,"	",复核中	,251166340	,恒正珠宝六店	,6954430944562451686	,5.7	,否	,价格较高	,"	","	","	","	","	",和田玉	,"	","	","	",55.35g(含签)	,---	,手链	,个	,"	","	",委托检测	,社会证明作用	,验证证书	,常温	
0502349858	,ZJ2607027757	,962607130080	,A54052897	,1	,2026-07-13 13:40:45	,2026-07-13 14:10:50	,-	,-	,典藏级 和田玉老坑辣绿老型荧光手串 12mm± H071113	,和田玉	,未镶嵌	,"	",复核中	,251166340	,恒正珠宝六店	,6927890262463970630	,5.7	,否	,价格较高	,"	","	","	","	","	",和田玉	,"	","	","	",55.41g(含签)	,---	,手链	,个	,"	","	",委托检测	,社会证明作用	,验证证书	,常温	
0703623202	,ZJ2607027756	,962607130080	,A54052897	,1	,2026-07-13 13:40:45	,2026-07-13 14:10:50	,-	,-	,传世级 和田玉俄七辣阳绿起荧光高色手串 12mm± H071122	,和田玉	,未镶嵌	,"	",复核中	,251166340	,恒正珠宝六店	,6954417933634836011	,5.7	,否	,价格较高	,"	","	","	","	","	",和田玉	,"	","	","	",47.03g(含签)	,---	,手链	,个	,"	","	",委托检测	,社会证明作用	,验证证书	,常温	
0468770850	,ZJ2607027767	,962607130080	,A54052897	,1	,2026-07-13 13:40:45	,2026-07-13 14:10:50	,-	,-	,典藏级 和田玉俄七辣绿聚红皮高色手串 7mm± H071121	,和田玉	,未镶嵌	,"	",复核中	,251166340	,恒正珠宝六店	,6954415440290321738	,5.7	,否	,价格较高	,"	","	","	","	","	",和田玉	,"	","	","	",17.80g(含签)	,---	,手链	,个	,"	","	",委托检测	,社会证明作用	,验证证书	,常温	
1022414882	,ZJ2607027766	,962607130080	,A54052897	,1	,2026-07-13 13:40:45	,2026-07-13 14:10:50	,-	,-	,典藏级 和田玉俄七辣绿聚红皮高色手串 7mm± H071121	,和田玉	,未镶嵌	,"	",复核中	,251166340	,恒正珠宝六店	,6927902921343270289	,5.7	,否	,价格较高	,"	","	","	","	","	",和田玉	,"	","	","	",17.54g(含签)	,---	,手链	,个	,"	","	",委托检测	,社会证明作用	,验证证书	,常温	
0485548066	,ZJ2607027765	,962607130080	,A54052897	,1	,2026-07-13 13:40:45	,2026-07-13 14:10:50	,-	,-	,典藏级 和田玉俄七辣绿聚红皮高色手串 7mm± H071121	,和田玉	,未镶嵌	,"	",复核中	,251166340	,恒正珠宝六店	,6954403680260724445	,5.7	,否	,价格较高	,"	","	","	","	","	",和田玉	,"	","	","	",17.24g(含签)	,---	,手链	,个	,"	","	",委托检测	,社会证明作用	,验证证书	,常温	
0334553122	,ZJ2607027764	,962607130080	,A54052897	,1	,2026-07-13 13:40:45	,2026-07-13 14:10:50	,-	,-	,典藏级 和田玉俄七辣绿聚红皮高色手串 7mm± H071121	,和田玉	,未镶嵌	,"	",复核中	,251166340	,恒正珠宝六店	,6954430780554286310	,5.7	,否	,价格较高	,"	","	","	","	","	",和田玉	,"	","	","	",17.74g(含签)	,---	,手链	,个	,"	","	",委托检测	,社会证明作用	,验证证书	,常温	
0435191842	,ZJ2607027768	,962607130080	,A54052897	,1	,2026-07-13 13:40:45	,2026-07-13 14:10:50	,-	,-	,典藏级 和田玉冰藕白起荧光高冰手镯 56圈口 H071069白	,和田玉	,未镶嵌	,"	",复核中	,251166340	,恒正珠宝六店	,6954419937454593843	,3.8	,否	,价格较高	,"	","	","	","	","	",和田玉	,"	","	","	",34.96g(含绳及签)	,---	,手镯	,个	,"	","	",委托检测	,社会证明作用	,验证证书	,常温	
0049340450	,ZJ2607027759	,962607130080	,A54052897	,1	,2026-07-13 13:40:45	,2026-07-13 14:10:50	,-	,-	,典藏级 和田玉夹层绿猫酒瓶底起荧光手串 10mm± H052909	,和田玉	,未镶嵌	,"	",复核中	,251166340	,恒正珠宝六店	,6927876790088466201	,5.7	,否	,价格较高	,"	","	","	","	",和田玉	,和田玉	,"	","	","	",31.51g(含签)	,---	,手链	,个	,"	","	",委托检测	,社会证明作用	,验证证书	,常温	
0116449314	,ZJ2607027760	,962607130080	,A54052897	,1	,2026-07-13 13:40:45	,2026-07-13 14:10:50	,-	,-	,典藏级 和田玉夹层绿猫酒瓶底起荧光手串 10mm± H052909	,和田玉	,未镶嵌	,"	",复核中	,251166340	,恒正珠宝六店	,6927881009769446869	,5.7	,否	,价格较高	,"	","	","	","	",和田玉	,和田玉	,"	","	","	",22.87g(含签)	,---	,手链	,个	,"	","	",委托检测	,社会证明作用	,验证证书	,常温	
0888197154	,ZJ2607027761	,962607130080	,A54052897	,1	,2026-07-13 13:40:45	,2026-07-13 14:10:50	,-	,-	,典藏级 和田玉乌兰乌德苹果绿算盘珠高色手串 6.8mm± H052910	,和田玉	,未镶嵌	,"	",复核中	,251166340	,恒正珠宝六店	,6954390652869416686	,5.7	,否	,价格较高	,"	","	","	","	",和田玉	,和田玉	,"	","	","	",14.95g(含签)	,---	,手链	,个	,"	","	",委托检测	,社会证明作用	,验证证书	,常温	
0904974370	,ZJ2607027763	,962607130080	,A54052897	,1	,2026-07-13 13:40:45	,2026-07-13 14:10:50	,-	,-	,典藏级 和田玉乌兰乌德苹果绿算盘珠高色手串 6.8mm± H052910	,和田玉	,未镶嵌	,"	",复核中	,251166340	,恒正珠宝六店	,6954399978501707154	,5.7	,否	,价格较高	,"	","	","	","	",和田玉	,和田玉	,"	","	","	",14.70g(含签)	,---	,手链	,个	,"	","	",委托检测	,社会证明作用	,验证证书	,常温	
0821088290	,ZJ2607027762	,962607130080	,A54052897	,1	,2026-07-13 13:40:45	,2026-07-13 14:10:50	,-	,-	,典藏级 和田玉乌兰乌德苹果绿算盘珠高色手串 6.8mm± H052910	,和田玉	,未镶嵌	,"	",复核中	,251166340	,恒正珠宝六店	,6927910704339844306	,5.7	,否	,价格较高	,"	","	","	","	",和田玉	,和田玉	,"	","	","	",14.64g(含签)	,---	,手链	,个	,"	","	",委托检测	,社会证明作用	,验证证书	,常温	
0904982544	,ZJ2607027708	,962607130071	,A54047024	,00	,2026-07-13 13:11:53	,2026-07-13 14:23:17	,-	,-	,【扶摇臻选】18K药师F双天地天珠项链(多样性发一)5340	,玛瑙/玉髓	,18K金镶嵌	,"	",复核中	,186203362	,扶摇六店	,6927850630786743462	,3	,否	,价格较高	,"	","	","	","	",琥珀(蜜蜡)	,玛瑙（覆膜）	,"	","	","	",24.26g(含绳及签)	,"另配玛瑙、蜜蜡,金属配件为18K金,尾珠未检	",挂坠	,个	,"	","	",委托检测	,社会证明作用	,验证证书	,常温	
0519127074	,ZJ2607027834	,962607130093	,A54049536	,1	,2026-07-13 14:09:58	,-	,-	,-	,典藏级 和田玉高俄白老坑细料妈妈链 18K金 10mm± H070811	,和田玉	,18K金镶嵌	,"	",质检中	,251166340	,恒正珠宝六店	,6927890022880149311	,0	,否	,价格较高	,"	","	","	","	","	","	","	","	","	",78.10g	,"	","	",个	,"	","	",委托检测	,社会证明作用	,验证证书	,常温	
0569458722	,ZJ2607027835	,962607130093	,A54049536	,1	,2026-07-13 14:09:58	,-	,-	,-	,典藏级 和田玉高俄白老坑细料妈妈链 18K金 10mm± H070811	,和田玉	,18K金镶嵌	,"	",质检中	,251166340	,恒正珠宝六店	,6927876701866392877	,0	,否	,价格较高	,"	","	","	","	","	","	","	","	","	",77.93g	,"	","	",个	,"	","	",委托检测	,社会证明作用	,验证证书	,常温	
0351330338	,ZJ2607027840	,962607130093	,A54049536	,1	,2026-07-13 14:09:58	,-	,-	,-	,典藏级 新疆和田玉白玉山料直切手串 18K 6mm± H050131	,和田玉	,未镶嵌	,"	",质检中	,251166340	,恒正珠宝六店	,6927874415783083015	,0	,否	,价格较高	,"	","	","	","	",18K金	,"	","	","	","	",13.33g	,"	","	",个	,"	","	",委托检测	,社会证明作用	,验证证书	,常温	
0150003746	,ZJ2607027847	,962607130093	,A54049536	,1	,2026-07-13 14:09:58	,-	,-	,-	,典藏级 新疆和田玉白玉山料直切手串 18K 6mm± H050131	,和田玉	,未镶嵌	,"	",质检中	,251166340	,恒正珠宝六店	,6927900525829193604	,0	,否	,价格较高	,"	","	","	","	",18K金	,"	","	","	","	",13.36g	,"	","	",个	,"	","	",委托检测	,社会证明作用	,验证证书	,常温	
0166780962	,ZJ2607027845	,962607130093	,A54049536	,1	,2026-07-13 14:09:58	,-	,-	,-	,典藏级 新疆和田玉白玉山料直切手串 18K 6mm± H050131	,和田玉	,未镶嵌	,"	",质检中	,251166340	,恒正珠宝六店	,6927869782012624738	,0	,否	,价格较高	,"	","	","	","	",18K金	,"	","	","	","	",13.27g	,"	","	",个	,"	","	",委托检测	,社会证明作用	,验证证书	,常温	
0284221474	,ZJ2607027846	,962607130093	,A54049536	,1	,2026-07-13 14:09:58	,-	,-	,-	,典藏级 新疆和田玉白玉山料直切手串 18K 6mm± H050131	,和田玉	,未镶嵌	,"	",质检中	,251166340	,恒正珠宝六店	,6954419534952273661	,0	,否	,价格较高	,"	","	","	","	",18K金	,"	","	","	","	",13.27g	,"	","	",个	,"	","	",委托检测	,社会证明作用	,验证证书	,常温	
0552656930	,ZJ2607027844	,962607130093	,A54049536	,1	,2026-07-13 14:09:58	,-	,-	,-	,典藏级 新疆和田玉白玉山料直切手串 18K 6mm± H050131	,和田玉	,未镶嵌	,"	",质检中	,251166340	,恒正珠宝六店	,6927876744251735351	,0	,否	,价格较高	,"	","	","	","	",18K金	,"	","	","	","	",13.32g	,"	","	",个	,"	","	",委托检测	,社会证明作用	,验证证书	,常温	
0938528802	,ZJ2607027843	,962607130093	,A54049536	,1	,2026-07-13 14:09:58	,-	,-	,-	,典藏级 新疆和田玉白玉山料直切手串 18K 6mm± H050131	,和田玉	,未镶嵌	,"	",质检中	,251166340	,恒正珠宝六店	,6927874407722613965	,0	,否	,价格较高	,"	","	","	","	",18K金	,"	","	","	","	",13.28g	,"	","	",个	,"	","	",委托检测	,社会证明作用	,验证证书	,常温	
0183558178	,ZJ2607027842	,962607130093	,A54049536	,1	,2026-07-13 14:09:58	,-	,-	,-	,典藏级 新疆和田玉白玉山料直切手串 18K 6mm± H050131	,和田玉	,未镶嵌	,"	",质检中	,251166340	,恒正珠宝六店	,6954419546781521815	,0	,否	,价格较高	,"	","	","	","	",18K金	,"	","	","	","	",13.34g	,"	","	",个	,"	","	",委托检测	,社会证明作用	,验证证书	,常温	
0770756642	,ZJ2607027841	,962607130093	,A54049536	,1	,2026-07-13 14:09:58	,-	,-	,-	,典藏级 新疆和田玉白玉山料直切手串 18K 6mm± H050131	,和田玉	,未镶嵌	,"	",质检中	,251166340	,恒正珠宝六店	,6954399931711100037	,0	,否	,价格较高	,"	","	","	","	",18K金	,"	","	","	","	",13.25g	,"	","	",个	,"	","	",委托检测	,社会证明作用	,验证证书	,常温	
0401661986	,ZJ2607027839	,962607130093	,A54049536	,1	,2026-07-13 14:09:58	,-	,-	,-	,典藏级 新疆和田玉白玉山料直切手串 18K 6mm± H050131	,和田玉	,未镶嵌	,"	",质检中	,251166340	,恒正珠宝六店	,6954390623416227124	,0	,否	,价格较高	,"	","	","	","	",18K金	,"	","	","	","	",13.32g	,"	","	",个	,"	","	",委托检测	,社会证明作用	,验证证书	,常温	
0133255202	,ZJ2607027838	,962607130093	,A54049536	,1	,2026-07-13 14:09:58	,-	,-	,-	,典藏级 和田玉顶俄白特细直切108项链 18K金 7mm± H070810	,和田玉	,18K金镶嵌	,"	",质检中	,251166340	,恒正珠宝六店	,6954390631428921070	,0	,否	,价格较高	,"	","	","	","	","	","	","	","	","	",63.46g	,"	","	",个	,"	","	",委托检测	,社会证明作用	,验证证书	,常温	
0485572642	,ZJ2607027836	,962607130093	,A54049536	,1	,2026-07-13 14:09:58	,-	,-	,-	,典藏级 和田玉顶俄白特细直切108项链 18K金 7mm± H070810	,和田玉	,18K金镶嵌	,"	",质检中	,251166340	,恒正珠宝六店	,6954410946788660261	,0	,否	,价格较高	,"	","	","	","	","	","	","	","	","	",63.34g	,"	","	",个	,"	","	",委托检测	,社会证明作用	,验证证书	,常温	
0686870562	,ZJ2607027837	,962607130093	,A54049536	,1	,2026-07-13 14:09:58	,-	,-	,-	,典藏级 和田玉顶俄白特细直切108项链 18K金 7mm± H070810	,和田玉	,18K金镶嵌	,"	",质检中	,251166340	,恒正珠宝六店	,6954405874125117398	,0	,否	,价格较高	,"	","	","	","	","	","	","	","	","	",63.47g	,"	","	",个	,"	","	",委托检测	,社会证明作用	,验证证书	,常温	
0636333669	,ZJ2607027886	,962607130101	,A54056975	,0	,2026-07-13 14:19:13	,-	,-	,-	,【一笙珠宝】和田玉碧玉辣阳绿项链手串2用39颗9~10mm 18k金 DY8990	,和田玉	,18K金镶嵌	,"	",质检中	,278663243	,一笙珠宝精品馆	,6954279047829263823	,0	,否	,价格较高	,"	","	","	","	","	","	","	","	","	",60.18g	,"	","	",个	,"	","	",委托检测	,社会证明作用	,验证证书	,常温	
0183447045	,ZJ2607027885	,962607130101	,A54056975	,0	,2026-07-13 14:19:13	,-	,-	,-	,【一笙珠宝】和田玉碧玉辣阳绿项链手串2用39颗9~10mm 18k金 DY8990	,和田玉	,18K金镶嵌	,"	",质检中	,278663243	,一笙珠宝精品馆	,6954264026909840476	,0	,否	,价格较高	,"	","	","	","	","	","	","	","	","	",54.83g	,"	","	",个	,"	","	",委托检测	,社会证明作用	,验证证书	,常温	
0687063148	,ZJ2607027817	,962607130090	,A54045832	,1	,2026-07-13 14:02:20	,-	,-	,-	,龙石种蛋面设计款戒指翡翠	,翡翠	,18K金镶嵌	,"	",质检中	,5535780	,小程响珠宝店	,6927874245577637841	,0	,否	,价格较高	,"	","	","	","	","	","	","	","	","	",4.66g	,"	","	",个	,"	","	",委托检测	,社会证明作用	,验证证书	,常温	
0015945888	,ZJ2607027787	,962607130087	,A54058633	,1	,2026-07-13 13:52:09	,2026-07-13 14:11:33	,-	,-	,。***。颈饰未镶嵌玛瑙/玉髓	,玛瑙/玉髓	,未镶嵌	,"	",复核中	,267004635	,尚品玉雕3号店	,6954411246541608920	,3.8	,否	,380	,"	","	","	","	","	",玛瑙	,"	","	","	",192.55g(含绳)	,配石未检	,饰品	,个	,"	","	",委托检测	,社会证明作用	,验证证书	,常温	
0133021487	,ZJ2607027707	,962607130070	,A54046970	,00	,2026-07-13 13:08:22	,-	,-	,-	,【朱孝天专属】·扶摇珠宝·莲师三Y扎基天珠皮绳项链（多样性发其一）	,玛瑙/玉髓	,未镶嵌	,"	",质检中	,240900266	,扶摇八店	,6954328588784113214	,0	,否	,149	,"	","	","	","	","	","	","	","	","	",13.50g	,"	","	",个	,"	","	",委托检测	,社会证明作用	,验证证书	,常温	
0485343023	,ZJ2607027706	,962607130070	,A54046970	,00	,2026-07-13 13:08:22	,-	,-	,-	,【朱孝天专属】·扶摇珠宝·莲师三Y扎基天珠皮绳项链（多样性发其一）	,玛瑙/玉髓	,未镶嵌	,"	",质检中	,240900266	,扶摇八店	,6927808067429039646	,0	,否	,149	,"	","	","	","	","	","	","	","	","	",14.17g	,"	","	",个	,"	","	",委托检测	,社会证明作用	,验证证书	,常温	
0552464175	,ZJ2607027705	,962607130070	,A54046970	,00	,2026-07-13 13:08:22	,-	,-	,-	,【朱孝天专属】·扶摇珠宝·莲师三Y扎基天珠皮绳项链（多样性发其一）	,玛瑙/玉髓	,未镶嵌	,"	",质检中	,240900266	,扶摇八店	,6927816374561701692	,0	,否	,149	,"	","	","	","	","	","	","	","	","	",13.32g	,"	","	",个	,"	","	",委托检测	,社会证明作用	,验证证书	,常温	
0049143599	,ZJ2607027704	,962607130070	,A54046970	,00	,2026-07-13 13:08:22	,-	,-	,-	,【朱孝天专属】·扶摇珠宝·莲师三Y扎基天珠皮绳项链（多样性发其一）	,玛瑙/玉髓	,未镶嵌	,"	",质检中	,240900266	,扶摇八店	,6927809997199998460	,0	,否	,149	,"	","	","	","	","	","	","	","	","	",13.37g	,"	","	",个	,"	","	",委托检测	,社会证明作用	,验证证书	,常温	
0116244271	,ZJ2607027703	,962607130070	,A54046970	,00	,2026-07-13 13:08:22	,-	,-	,-	,【朱孝天专属】·扶摇珠宝·莲师三Y扎基天珠皮绳项链（多样性发其一）	,玛瑙/玉髓	,未镶嵌	,"	",质检中	,240900266	,扶摇八店	,6954335887379666514	,0	,否	,149	,"	","	","	","	","	","	","	","	","	",13.56g	,"	","	",个	,"	","	",委托检测	,社会证明作用	,验证证书	,常温	
0317570863	,ZJ2607027702	,962607130070	,A54046970	,00	,2026-07-13 13:08:22	,-	,-	,-	,【朱孝天专属】·扶摇珠宝·莲师三Y扎基天珠皮绳项链（多样性发其一）	,玛瑙/玉髓	,未镶嵌	,"	",质检中	,240900266	,扶摇八店	,6927811784754102020	,0	,否	,149	,"	","	","	","	","	","	","	","	","	",13.51g	,"	","	",个	,"	","	",委托检测	,社会证明作用	,验证证书	,常温	
0267489388	,ZJ2607012120	,962607130089	,A54051619	,1	,2026-07-13 13:58:29	,2026-07-13 14:14:35	,-	,2026-07-06 14:09:42	,L【玉氏珠宝】和田玉手镯-条宽约11mm 多样性发一 CAN1670080	,和田玉	,未镶嵌	,"	",复核中	,236145150	,星阑严选店	,6954415258254185697	,1	,是	,680	,"	","	","	","	","	",和田玉	,"	","	","	",68.53g(含绳及签)	,---	,手镯	,个	,"	","	",委托检测	,社会证明作用	,验证证书	,常温	
0267489388	,ZJ2607027815	,962607130089	,A54051619	,1	,2026-07-13 13:58:29	,2026-07-13 14:14:35	,-	,-	,L【玉氏珠宝】和田玉手镯-条宽约11mm 多样性发一 CAN1670080	,和田玉	,未镶嵌	,"	",复核中	,236145150	,星阑严选店	,6954415258254185697	,3.8	,否	,680	,"	","	","	","	","	",和田玉	,"	","	","	",58.14g(含绳)	,---	,手镯	,个	,"	","	",委托检测	,社会证明作用	,验证证书	,常温	
0485630048	,ZJ2607027813	,962607130089	,A54051619	,1	,2026-07-13 13:58:29	,2026-07-13 14:14:35	,-	,-	,L【玉氏珠宝】非洲翠手镯 多样性发一 CAN1700036	,石英质玉	,未镶嵌	,"	",复核中	,236145150	,星阑严选店	,6954408463128860604	,3.8	,否	,888	,"	","	","	","	","	",石英质玉	,"	","	","	",48.20g(含绳及签)	,商称:非洲翠	,手镯	,个	,"	","	",委托检测	,社会证明作用	,验证证书	,常温	
0904953887	,ZJ2607027814	,962607130089	,A54051619	,1	,2026-07-13 13:58:29	,2026-07-13 14:14:35	,-	,-	,L【玉氏珠宝】非洲翠手镯 多样性发一 CAN1700036	,石英质玉	,未镶嵌	,"	",复核中	,236145150	,星阑严选店	,6927884127293832708	,3.8	,否	,888	,"	","	","	","	","	",石英质玉	,"	","	","	",57.62g(含绳及签)	,商称:非洲翠	,手镯	,个	,"	","	",委托检测	,社会证明作用	,验证证书	,常温	
1039171615	,ZJ2607027810	,962607130089	,A54051619	,1	,2026-07-13 13:58:29	,2026-07-13 14:14:35	,-	,-	,L【玉氏珠宝】非洲翠手镯 多样性发一 CAN1700036	,石英质玉	,未镶嵌	,"	",复核中	,236145150	,星阑严选店	,6927868443575352553	,3.8	,否	,888	,"	","	","	","	","	",石英质玉	,"	","	","	",63.56g(含绳及签)	,商称:非洲翠	,手镯	,个	,"	","	",委托检测	,社会证明作用	,验证证书	,常温	
1055952927	,ZJ2607027812	,962607130089	,A54051619	,1	,2026-07-13 13:58:29	,2026-07-13 14:14:35	,-	,-	,L【玉氏珠宝】非洲翠手镯 多样性发一 CAN1700036	,石英质玉	,未镶嵌	,"	",复核中	,236145150	,星阑严选店	,6927868461185007070	,3.8	,否	,888	,"	","	","	","	","	",石英质玉	,"	","	","	",67.19g(含绳及签)	,商称:非洲翠	,手镯	,个	,"	","	",委托检测	,社会证明作用	,验证证书	,常温	
0703635487	,ZJ2607027811	,962607130089	,A54051619	,1	,2026-07-13 13:58:29	,2026-07-13 14:14:35	,-	,-	,L【玉氏珠宝】非洲翠手镯 多样性发一 CAN1700036	,石英质玉	,未镶嵌	,"	",复核中	,236145150	,星阑严选店	,6954424433702999531	,3.8	,否	,888	,"	","	","	","	","	",石英质玉	,"	","	","	",52.90g(含绳及签)	,商称:非洲翠	,手镯	,个	,"	","	",委托检测	,社会证明作用	,验证证书	,常温	
0955387945	,ZJ2607027809	,962607130089	,A54051619	,1	,2026-07-13 13:58:29	,2026-07-13 14:14:35	,-	,-	,L【玉氏珠宝】非洲翠手镯 多样性发一 CAN1700036	,石英质玉	,未镶嵌	,"	",复核中	,236145150	,星阑严选店	,6954405034575664823	,3.8	,否	,888	,"	","	","	","	","	",石英质玉	,"	","	","	",49.16g(含绳及签)	,商称:非洲翠	,手镯	,个	,"	","	",委托检测	,社会证明作用	,验证证书	,常温	
0703688733	,ZJ2607027877	,962607130100	,A54051586	,1	,2026-07-13 14:19:02	,-	,-	,-	,L【玉总珠宝】天山翠手镯 多样性发一 CAN1700014	,石英质玉	,未镶嵌	,"	",质检中	,236145150	,星阑严选店	,6927853230718680407	,0	,否	,158	,"	","	","	","	",石英质玉	,"	","	","	","	",47.15g	,"	","	",个	,"	","	",委托检测	,社会证明作用	,验证证书	,常温	
0619802653	,ZJ2607027876	,962607130100	,A54051586	,1	,2026-07-13 14:19:02	,-	,-	,-	,L【玉总珠宝】天山翠手镯 多样性发一 CAN1700014	,石英质玉	,未镶嵌	,"	",质检中	,236145150	,星阑严选店	,6954409807143704440	,0	,否	,158	,"	","	","	","	",石英质玉	,"	","	","	","	",44.99g	,"	","	",个	,"	","	",委托检测	,社会证明作用	,验证证书	,常温	
0301035549	,ZJ2607027880	,962607130100	,A54051586	,1	,2026-07-13 14:19:02	,-	,-	,-	,L【玉总珠宝】天山翠手镯 多样性发一 CAN1700014	,石英质玉	,未镶嵌	,"	",质检中	,236145150	,星阑严选店	,6954400671093822961	,0	,否	,158	,"	","	","	","	",石英质玉	,"	","	","	","	",48.26g	,"	","	",个	,"	","	",委托检测	,社会证明作用	,验证证书	,常温	
0603033629	,ZJ2607027859	,962607130100	,A54051586	,1	,2026-07-13 14:19:02	,-	,-	,-	,L【玉总珠宝】天山翠手镯 多样性发一 CAN1700014	,石英质玉	,未镶嵌	,"	",质检中	,236145150	,星阑严选店	,6927868416379223666	,0	,否	,158	,"	","	","	","	",石英质玉	,"	","	","	","	",53.26g	,"	","	",个	,"	","	",委托检测	,社会证明作用	,验证证书	,常温	
0871477277	,ZJ2607027861	,962607130100	,A54051586	,1	,2026-07-13 14:19:02	,-	,-	,-	,L【玉总珠宝】天山翠手镯 多样性发一 CAN1700014	,石英质玉	,未镶嵌	,"	",质检中	,236145150	,星阑严选店	,6927898271904332844	,0	,否	,158	,"	","	","	","	",石英质玉	,"	","	","	","	",48.89g	,"	","	",个	,"	","	",委托检测	,社会证明作用	,验证证书	,常温	
0284258333	,ZJ2607027862	,962607130100	,A54051586	,1	,2026-07-13 14:19:02	,-	,-	,-	,L【玉总珠宝】天山翠手镯 多样性发一 CAN1700014	,石英质玉	,未镶嵌	,"	",质检中	,236145150	,星阑严选店	,6954394223023953467	,0	,否	,158	,"	","	","	","	",石英质玉	,"	","	","	","	",51.82g	,"	","	",个	,"	","	",委托检测	,社会证明作用	,验证证书	,常温	
0116486173	,ZJ2607027863	,962607130100	,A54051586	,1	,2026-07-13 14:19:02	,-	,-	,-	,L【玉总珠宝】天山翠手镯 多样性发一 CAN1700014	,石英质玉	,未镶嵌	,"	",质检中	,236145150	,星阑严选店	,6954424376754116163	,0	,否	,158	,"	","	","	","	",石英质玉	,"	","	","	","	",60.04g	,"	","	",个	,"	","	",委托检测	,社会证明作用	,验证证书	,常温	
0166826013	,ZJ2607027871	,962607130100	,A54051586	,1	,2026-07-13 14:19:02	,-	,-	,-	,L【玉总珠宝】天山翠手镯 多样性发一 CAN1700014	,石英质玉	,未镶嵌	,"	",质检中	,236145150	,星阑严选店	,6927879453519805445	,0	,否	,158	,"	","	","	","	",石英质玉	,"	","	","	","	",55.12g	,"	","	",个	,"	","	",委托检测	,社会证明作用	,验证证书	,常温	
0972058658	,ZJ2607027830	,962607130092	,A54056109	,1	,2026-07-13 14:05:33	,2026-07-13 14:26:15	,-	,-	,典藏级 和田玉冰烟紫超大鸽子蛋手牌吊坠 18K 44*30*14mm H070913	,和田玉	,18K金镶嵌	,"	",复核中	,251166340	,恒正珠宝六店	,6954403864286336780	,5.7	,否	,价格较高	,"	","	","	","	","	",和田玉	,18K金	,"	","	",34.24g(含绳及签)	,扣头未检	,饰品	,个	,"	","	",委托检测	,社会证明作用	,验证证书	,常温	
0888336413	,ZJ2607027870	,962607130100	,A54051586	,1	,2026-07-13 14:19:02	,-	,-	,-	,L【玉总珠宝】天山翠手镯 多样性发一 CAN1700014	,石英质玉	,未镶嵌	,"	",质检中	,236145150	,星阑严选店	,6954376196042659361	,0	,否	,158	,"	","	","	","	",石英质玉	,"	","	","	","	",44.44g	,"	","	",个	,"	","	",委托检测	,社会证明作用	,验证证书	,常温	
0284246045	,ZJ2607027883	,962607130100	,A54051586	,1	,2026-07-13 14:19:02	,-	,-	,-	,L【玉总珠宝】天山翠手镯 多样性发一 CAN1700014	,石英质玉	,未镶嵌	,"	",质检中	,236145150	,星阑严选店	,6927881627022491500	,0	,否	,158	,"	","	","	","	",石英质玉	,"	","	","	","	",35.39g	,"	","	",个	,"	","	",委托检测	,社会证明作用	,验证证书	,常温	
1056014365	,ZJ2607027864	,962607130100	,A54051586	,1	,2026-07-13 14:19:02	,-	,-	,-	,L【玉总珠宝】天山翠手镯 多样性发一 CAN1700014	,石英质玉	,未镶嵌	,"	",质检中	,236145150	,星阑严选店	,6954396545768166732	,0	,否	,158	,"	","	","	","	",石英质玉	,"	","	","	","	",53.49g	,"	","	",个	,"	","	",委托检测	,社会证明作用	,验证证书	,常温	
0854683677	,ZJ2607027867	,962607130100	,A54051586	,1	,2026-07-13 14:19:02	,-	,-	,-	,L【玉总珠宝】天山翠手镯 多样性发一 CAN1700014	,石英质玉	,未镶嵌	,"	",质检中	,236145150	,星阑严选店	,6954400763843975022	,0	,否	,158	,"	","	","	","	",石英质玉	,"	","	","	","	",56.31g	,"	","	",个	,"	","	",委托检测	,社会证明作用	,验证证书	,常温	
0921727010	,ZJ2607027831	,962607130092	,A54056109	,1	,2026-07-13 14:05:33	,2026-07-13 14:26:15	,-	,-	,典藏级 和田玉冰底粉青绿底高定满珠链 18K金 12mm H71100	,和田玉	,未镶嵌	,"	",复核中	,251166340	,恒正珠宝六店	,6954405991347590915	,5.7	,否	,价格较高	,"	","	","	","	",18K金	,和田玉	,"	","	","	",114.75g(含签)	,"镶嵌配石未检,金属配件为18K金,转轴部分金属未测	",项链	,个	,"	","	",委托检测	,社会证明作用	,验证证书	,常温	
1005707293	,ZJ2607027869	,962607130100	,A54051586	,1	,2026-07-13 14:19:02	,-	,-	,-	,L【玉总珠宝】天山翠手镯 多样性发一 CAN1700014	,石英质玉	,未镶嵌	,"	",质检中	,236145150	,星阑严选店	,6927879398729416239	,0	,否	,158	,"	","	","	","	",石英质玉	,"	","	","	","	",43.61g	,"	","	",个	,"	","	",委托检测	,社会证明作用	,验证证书	,常温	
0955453478	,ZJ2607027878	,962607130100	,A54051586	,1	,2026-07-13 14:19:02	,-	,-	,-	,L【玉总珠宝】天山翠手镯 多样性发一 CAN1700014	,石英质玉	,未镶嵌	,"	",质检中	,236145150	,星阑严选店	,6954383576610117566	,0	,否	,158	,"	","	","	","	",石英质玉	,"	","	","	","	",43.47g	,"	","	",个	,"	","	",委托检测	,社会证明作用	,验证证书	,常温	
0754061341	,ZJ2607027872	,962607130100	,A54051586	,1	,2026-07-13 14:19:02	,-	,-	,-	,L【玉总珠宝】天山翠手镯 多样性发一 CAN1700014	,石英质玉	,未镶嵌	,"	",质检中	,236145150	,星阑严选店	,6927868352271776906	,0	,否	,158	,"	","	","	","	",石英质玉	,"	","	","	","	",45.56g	,"	","	",个	,"	","	",委托检测	,社会证明作用	,验证证书	,常温	
0150069277	,ZJ2607027875	,962607130100	,A54051586	,1	,2026-07-13 14:19:02	,-	,-	,-	,L【玉总珠宝】天山翠手镯 多样性发一 CAN1700014	,石英质玉	,未镶嵌	,"	",质检中	,236145150	,星阑严选店	,6927870789479136620	,0	,否	,158	,"	","	","	","	",石英质玉	,"	","	","	","	",44.23g	,"	","	",个	,"	","	",委托检测	,社会证明作用	,验证证书	,常温	
0569475101	,ZJ2607027865	,962607130100	,A54051586	,1	,2026-07-13 14:19:02	,-	,-	,-	,L【玉总珠宝】天山翠手镯 多样性发一 CAN1700014	,石英质玉	,未镶嵌	,"	",质检中	,236145150	,星阑严选店	,6954404926775104605	,0	,否	,158	,"	","	","	","	",石英质玉	,"	","	","	","	",52.63g	,"	","	",个	,"	","	",委托检测	,社会证明作用	,验证证书	,常温	
0737247261	,ZJ2607027879	,962607130100	,A54051586	,1	,2026-07-13 14:19:02	,-	,-	,-	,L【玉总珠宝】天山翠手镯 多样性发一 CAN1700014	,石英质玉	,未镶嵌	,"	",质检中	,236145150	,星阑严选店	,6954383511810610278	,0	,否	,158	,"	","	","	","	",石英质玉	,"	","	","	","	",49.89g	,"	","	",个	,"	","	",委托检测	,社会证明作用	,验证证书	,常温	
0670138397	,ZJ2607027874	,962607130100	,A54051586	,1	,2026-07-13 14:19:02	,-	,-	,-	,L【玉总珠宝】天山翠手镯 多样性发一 CAN1700014	,石英质玉	,未镶嵌	,"	",质检中	,236145150	,星阑严选店	,6927875357883530260	,0	,否	,158	,"	","	","	","	",石英质玉	,"	","	","	","	",49.96g	,"	","	",个	,"	","	",委托检测	,社会证明作用	,验证证书	,常温	
0015761442	,ZJ2607027833	,962607130092	,A54056109	,1	,2026-07-13 14:05:33	,2026-07-13 14:26:15	,-	,-	,传世级 和田玉粉绿猫夹层荧光特细猫眼平安扣 33*13mm± H062808	,和田玉	,未镶嵌	,"	",复核中	,251166340	,恒正珠宝六店	,6954402304893588710	,3.8	,否	,价格较高	,"	","	","	","	","	",和田玉	,"	","	","	",33.14g(含绳及签)	,金属未测	,挂坠	,个	,"	","	",委托检测	,社会证明作用	,验证证书	,常温	
0317829149	,ZJ2607027860	,962607130100	,A54051586	,1	,2026-07-13 14:19:02	,-	,-	,-	,L【玉总珠宝】天山翠手镯 多样性发一 CAN1700014	,石英质玉	,未镶嵌	,"	",质检中	,236145150	,星阑严选店	,6954398788468544965	,0	,否	,158	,"	","	","	","	",石英质玉	,"	","	","	","	",53.29g	,"	","	",个	,"	","	",委托检测	,社会证明作用	,验证证书	,常温	
0955371563	,ZJ2607027868	,962607130100	,A54051586	,1	,2026-07-13 14:19:02	,-	,-	,-	,L【玉总珠宝】天山翠手镯 多样性发一 CAN1700014	,石英质玉	,未镶嵌	,"	",质检中	,236145150	,星阑严选店	,6954389851464668204	,0	,否	,158	,"	","	","	","	",石英质玉	,"	","	","	","	",45.86g	,"	","	",个	,"	","	",委托检测	,社会证明作用	,验证证书	,常温	
1022390306	,ZJ2607027832	,962607130092	,A54056109	,1	,2026-07-13 14:05:33	,2026-07-13 14:26:15	,-	,-	,传世级 和田玉俄七极致辣阳绿红皮宝葫芦 53*26*19mm± 孤品	,和田玉	,未镶嵌	,"	",复核中	,251166340	,恒正珠宝六店	,6954430993529836774	,3.8	,否	,价格较高	,"	","	","	","	",和田玉	,和田玉	,"	","	","	",48.06g(含绳及签)	,---	,挂坠	,个	,"	","	",委托检测	,社会证明作用	,验证证书	,常温	
0754024477	,ZJ2607027866	,962607130100	,A54051586	,1	,2026-07-13 14:19:02	,-	,-	,-	,L【玉总珠宝】天山翠手镯 多样性发一 CAN1700014	,石英质玉	,未镶嵌	,"	",质检中	,236145150	,星阑严选店	,6954396552282248763	,0	,否	,158	,"	","	","	","	",石英质玉	,"	","	","	","	",50.27g	,"	","	",个	,"	","	",委托检测	,社会证明作用	,验证证书	,常温	
0049459235	,ZJ2607027884	,962607130100	,A54051586	,1	,2026-07-13 14:19:02	,-	,-	,-	,L【玉总珠宝】天山翠手镯 多样性发一 CAN1700014	,石英质玉	,未镶嵌	,"	",质检中	,236145150	,星阑严选店	,6927881699473063487	,0	,否	,158	,"	","	","	","	",石英质玉	,"	","	","	","	",58.02g	,"	","	",个	,"	","	",委托检测	,社会证明作用	,验证证书	,常温	
0787623970	,ZJ2607027881	,962607130100	,A54051586	,1	,2026-07-13 14:19:02	,-	,-	,-	,L【玉总珠宝】天山翠手镯 多样性发一 CAN1700014	,石英质玉	,未镶嵌	,"	",质检中	,236145150	,星阑严选店	,6954400812410935262	,0	,否	,158	,"	","	","	","	",石英质玉	,"	","	","	","	",51.56g	,"	","	",个	,"	","	",委托检测	,社会证明作用	,验证证书	,常温	
1022459933	,ZJ2607027873	,962607130100	,A54051586	,1	,2026-07-13 14:19:02	,-	,-	,-	,L【玉总珠宝】天山翠手镯 多样性发一 CAN1700014	,石英质玉	,未镶嵌	,"	",质检中	,236145150	,星阑严选店	,6954385854327756535	,0	,否	,158	,"	","	","	","	",石英质玉	,"	","	","	","	",42.44g	,"	","	",个	,"	","	",委托检测	,社会证明作用	,验证证书	,常温	
0015822877	,ZJ2607027882	,962607130100	,A54051586	,1	,2026-07-13 14:19:02	,-	,-	,-	,L【玉总珠宝】天山翠手镯 多样性发一 CAN1700014	,石英质玉	,未镶嵌	,"	",质检中	,236145150	,星阑严选店	,6954388152457106776	,0	,否	,158	,"	","	","	","	",石英质玉	,"	","	","	","	",56.95g	,"	","	",个	,"	","	",委托检测	,社会证明作用	,验证证书	,常温	
0334528546	,ZJ2607027778	,962607130082	,A54053903	,1	,2026-07-13 13:43:44	,-	,-	,-	,传世级 藕冰猫一线猫和田玉108项链 18K金 8mm± H071128	,和田玉	,未镶嵌	,"	",质检中	,251166340	,恒正珠宝六店	,6927901041438916399	,0	,否	,价格较高	,"	","	","	","	",18K金	,"	","	","	","	",83.40g	,"	","	",个	,"	","	",委托检测	,社会证明作用	,验证证书	,常温	
0334479159	,ZJ2607027788	,962607130088	,A54051583	,1	,2026-07-13 13:57:11	,2026-07-13 14:22:21	,2026-07-13 14:25:45	,-	,L【玉氏珠宝】粉晶手镯 多样性发一 CAN2800037	,水晶	,未镶嵌	,"	",待制证	,236145150	,星阑严选店	,6927827439786163299	,5.7	,否	,199	,通过	,"	","	","	","	",水晶	,"	","	","	",51.16g(含绳及签)	,---	,手镯	,个	,合格	,完好无污损	,委托检测	,社会证明作用	,验证证书	,常温	
0166706999	,ZJ2607027797	,962607130088	,A54051583	,1	,2026-07-13 13:57:11	,2026-07-13 14:22:21	,2026-07-13 14:25:45	,-	,L【玉氏珠宝】粉晶手镯 多样性发一 CAN2800037	,水晶	,未镶嵌	,"	",待制证	,236145150	,星阑严选店	,6927829720891227874	,5.7	,否	,199	,通过	,"	","	","	","	",水晶	,"	","	","	",53.61g(含绳及签)	,---	,手镯	,个	,合格	,完好无污损	,委托检测	,社会证明作用	,验证证书	,常温	
0602914615	,ZJ2607027792	,962607130088	,A54051583	,1	,2026-07-13 13:57:11	,2026-07-13 14:22:21	,2026-07-13 14:25:45	,-	,L【玉氏珠宝】粉晶手镯 多样性发一 CAN2800037	,水晶	,未镶嵌	,"	",待制证	,236145150	,星阑严选店	,6927820813838482727	,5.7	,否	,199	,通过	,"	","	","	","	",水晶	,"	","	","	",51.38g(含绳及签)	,---	,手镯	,个	,合格	,完好无污损	,委托检测	,社会证明作用	,验证证书	,常温	
0384589634	,ZJ2607027801	,962607130088	,A54051583	,1	,2026-07-13 13:57:11	,2026-07-13 14:22:21	,2026-07-13 14:25:45	,-	,L【玉氏珠宝】粉晶手镯 多样性发一 CAN2800037	,水晶	,未镶嵌	,"	",待制证	,236145150	,星阑严选店	,6927829868794903939	,5.7	,否	,199	,通过	,"	","	","	","	",水晶	,"	","	","	",34.04g(含绳及签)	,---	,手镯	,个	,合格	,完好无污损	,委托检测	,社会证明作用	,验证证书	,常温	
0049147704	,ZJ2607027796	,962607130088	,A54051583	,1	,2026-07-13 13:57:11	,2026-07-13 14:22:21	,2026-07-13 14:25:45	,-	,L【玉氏珠宝】粉晶手镯 多样性发一 CAN2800037	,水晶	,未镶嵌	,"	",待制证	,236145150	,星阑严选店	,6927810343369080152	,5.7	,否	,199	,通过	,"	","	","	","	",水晶	,"	","	","	",46.31g(含绳及签)	,净度优化	,手镯	,个	,合格	,完好无污损	,委托检测	,社会证明作用	,验证证书	,常温	
0569360183	,ZJ2607027791	,962607130088	,A54051583	,1	,2026-07-13 13:57:11	,2026-07-13 14:22:21	,2026-07-13 14:25:45	,-	,L【玉氏珠宝】粉晶手镯 多样性发一 CAN2800037	,水晶	,未镶嵌	,"	",待制证	,236145150	,星阑严选店	,6927814314525360045	,5.7	,否	,199	,通过	,"	","	","	","	",水晶	,"	","	","	",48.46g(含绳及签)	,---	,手镯	,个	,合格	,完好无污损	,委托检测	,社会证明作用	,验证证书	,常温	
0451993634	,ZJ2607027776	,962607130082	,A54053903	,1	,2026-07-13 13:43:44	,-	,-	,-	,传世级 和田玉浓藕粉高色胶底猫眼观音牌 18K 67*35*12mm H070407	,和田玉	,18K金镶嵌	,"	",质检中	,251166340	,恒正珠宝六店	,6927888296958524565	,0	,否	,价格较高	,"	","	","	","	","	","	","	","	","	",46.51g	,"	","	",个	,"	","	",委托检测	,社会证明作用	,验证证书	,常温	
0066093090	,ZJ2607027779	,962607130082	,A54053903	,1	,2026-07-13 13:43:44	,-	,-	,-	,传世级 和田玉俄七辣绿菠菜绿起冰无事牌 53*35*12mm± H070801	,和田玉	,未镶嵌	,"	",质检中	,251166340	,恒正珠宝六店	,6954428614144234991	,0	,否	,价格较高	,"	","	","	","	","	","	","	","	","	",73.11g	,"	","	",个	,"	","	",委托检测	,社会证明作用	,验证证书	,常温	
0686796599	,ZJ2607027802	,962607130088	,A54051583	,1	,2026-07-13 13:57:11	,2026-07-13 14:22:21	,2026-07-13 14:25:45	,-	,L【玉氏珠宝】粉晶手镯 多样性发一 CAN2800037	,水晶	,未镶嵌	,"	",待制证	,236145150	,星阑严选店	,6927829727412059830	,5.7	,否	,199	,通过	,"	","	","	","	",水晶	,"	","	","	",45.33g(含绳及签)	,净度优化	,手镯	,个	,合格	,完好无污损	,委托检测	,社会证明作用	,验证证书	,常温	
0669781918	,ZJ2607027808	,962607130088	,A54051583	,1	,2026-07-13 13:57:11	,2026-07-13 14:22:21	,2026-07-13 14:25:45	,-	,L【玉氏珠宝】粉晶手镯 赠平安扣 多样性发一	,水晶	,未镶嵌	,"	",待制证	,236145150	,星阑严选店	,6927831636213923002	,7.6	,否	,199	,通过	,"	","	","	","	",水晶	,"	","	","	",60.64g(含绳及签)	,净度优化	,套装	,个	,合格	,完好无污损	,委托检测	,社会证明作用	,验证证书	,常温	
0183500599	,ZJ2607027807	,962607130088	,A54051583	,1	,2026-07-13 13:57:11	,2026-07-13 14:22:21	,2026-07-13 14:25:45	,-	,L【玉氏珠宝】粉晶手镯 多样性发一 CAN2800037	,水晶	,未镶嵌	,"	",待制证	,236145150	,星阑严选店	,6954351536831272625	,5.7	,否	,199	,通过	,"	","	","	","	",水晶	,"	","	","	",50.93g(含绳及签)	,---	,手镯	,个	,合格	,完好无污损	,委托检测	,社会证明作用	,验证证书	,常温	
0955281442	,ZJ2607027775	,962607130082	,A54053903	,1	,2026-07-13 13:43:44	,-	,-	,-	,传世级 和田玉俄七辣阳绿超大鸽子蛋高定坠 18k金 59*29*20mm± 	,和田玉	,18K金镶嵌	,"	",质检中	,251166340	,恒正珠宝六店	,6954428815540032742	,0	,否	,价格较高	,"	","	","	","	",和田玉	,"	","	","	","	",36.98g	,"	","	",个	,"	","	",委托检测	,社会证明作用	,验证证书	,常温	
0502247223	,ZJ2607027806	,962607130088	,A54051583	,1	,2026-07-13 13:57:11	,2026-07-13 14:22:21	,2026-07-13 14:25:45	,-	,L【玉氏珠宝】粉晶手镯 多样性发一 CAN2800037	,水晶	,未镶嵌	,"	",待制证	,236145150	,星阑严选店	,6927812128443301712	,5.7	,否	,199	,通过	,"	","	","	","	",水晶	,"	","	","	",49.68g(含绳及签)	,---	,手镯	,个	,合格	,完好无污损	,委托检测	,社会证明作用	,验证证书	,常温	
0519024439	,ZJ2607027795	,962607130088	,A54051583	,1	,2026-07-13 13:57:11	,2026-07-13 14:22:21	,2026-07-13 14:25:45	,-	,L【玉氏珠宝】粉晶手镯 多样性发一 CAN2800037	,水晶	,未镶嵌	,"	",待制证	,236145150	,星阑严选店	,6954348879834387796	,5.7	,否	,199	,通过	,"	","	","	","	",水晶	,"	","	","	",45.06g(含绳及签)	,净度优化	,手镯	,个	,合格	,完好无污损	,委托检测	,社会证明作用	,验证证书	,常温	
0334491447	,ZJ2607027790	,962607130088	,A54051583	,1	,2026-07-13 13:57:11	,2026-07-13 14:22:21	,2026-07-13 14:25:45	,-	,L【玉氏珠宝】粉晶手镯 多样性发一 CAN2800037	,水晶	,未镶嵌	,"	",待制证	,236145150	,星阑严选店	,6927819055696674145	,5.7	,否	,199	,通过	,"	","	","	","	",水晶	,"	","	","	",31.71g(含绳及签)	,---	,手镯	,个	,合格	,完好无污损	,委托检测	,社会证明作用	,验证证书	,常温	
0351256375	,ZJ2607027800	,962607130088	,A54051583	,1	,2026-07-13 13:57:11	,2026-07-13 14:22:21	,2026-07-13 14:25:45	,-	,L【玉氏珠宝】粉晶手镯 多样性发一 CAN2800037	,水晶	,未镶嵌	,"	",待制证	,236145150	,星阑严选店	,6927829719283432510	,5.7	,否	,199	,通过	,"	","	","	","	",水晶	,"	","	","	",40.02g(含绳及签)	,净度优化	,手镯	,个	,合格	,完好无污损	,委托检测	,社会证明作用	,验证证书	,常温	
0988835874	,ZJ2607027777	,962607130082	,A54053903	,1	,2026-07-13 13:43:44	,-	,-	,-	,传世级 藕冰猫一线猫和田玉108项链 18K金 8mm± H071128	,和田玉	,未镶嵌	,"	",质检中	,251166340	,恒正珠宝六店	,6954422769202959915	,0	,否	,价格较高	,"	","	","	","	",18K金	,"	","	","	","	",83.41g	,"	","	",个	,"	","	",委托检测	,社会证明作用	,验证证书	,常温	
0552574775	,ZJ2607027789	,962607130088	,A54051583	,1	,2026-07-13 13:57:11	,2026-07-13 14:22:21	,2026-07-13 14:25:45	,-	,L【玉氏珠宝】粉晶手镯 多样性发一 CAN2800037	,水晶	,未镶嵌	,"	",待制证	,236145150	,星阑严选店	,6954340560688911653	,5.7	,否	,199	,通过	,"	","	","	","	",水晶	,"	","	","	",43.38g(含绳及签)	,---	,手镯	,个	,合格	,完好无污损	,委托检测	,社会证明作用	,验证证书	,常温	
0049229625	,ZJ2607027799	,962607130088	,A54051583	,1	,2026-07-13 13:57:11	,2026-07-13 14:22:21	,2026-07-13 14:25:45	,-	,L【玉氏珠宝】粉晶手镯 多样性发一 CAN2800037	,水晶	,未镶嵌	,"	",待制证	,236145150	,星阑严选店	,6954348939944466054	,5.7	,否	,199	,通过	,"	","	","	","	",水晶	,"	","	","	",46.44g(含绳及签)	,---	,手镯	,个	,合格	,完好无污损	,委托检测	,社会证明作用	,验证证书	,常温	
0116375351	,ZJ2607027805	,962607130088	,A54051583	,1	,2026-07-13 13:57:11	,2026-07-13 14:22:21	,2026-07-13 14:25:45	,-	,L【玉氏珠宝】粉晶手镯 多样性发一 CAN2800037	,水晶	,未镶嵌	,"	",待制证	,236145150	,星阑严选店	,6954351464986252367	,5.7	,否	,199	,通过	,"	","	","	","	",水晶	,"	","	","	",47.77g(含绳及签)	,---	,手镯	,个	,合格	,完好无污损	,委托检测	,社会证明作用	,验证证书	,常温	
0502325282	,ZJ2607027774	,962607130082	,A54053903	,1	,2026-07-13 13:43:44	,-	,-	,-	,传世级 和田玉俄七辣阳绿起荧光超大鸽子蛋坠 67*22*14mm 18k金	,和田玉	,18K金镶嵌	,"	",质检中	,251166340	,恒正珠宝六店	,6954411117183046886	,0	,否	,价格较高	,"	","	","	","	",和田玉	,"	","	","	","	",43.43g	,"	","	",个	,"	","	",委托检测	,社会证明作用	,验证证书	,常温	
0703577911	,ZJ2607027794	,962607130088	,A54051583	,1	,2026-07-13 13:57:11	,2026-07-13 14:22:21	,2026-07-13 14:25:45	,-	,L【玉氏珠宝】粉晶手镯 多样性发一 CAN2800037	,水晶	,未镶嵌	,"	",待制证	,236145150	,星阑严选店	,6927827464262876280	,5.7	,否	,199	,通过	,"	","	","	","	",水晶	,"	","	","	",50.91g(含绳及签)	,---	,手镯	,个	,合格	,完好无污损	,委托检测	,社会证明作用	,验证证书	,常温	
0451915575	,ZJ2607027793	,962607130088	,A54051583	,1	,2026-07-13 13:57:11	,2026-07-13 14:22:21	,2026-07-13 14:25:45	,-	,L【玉氏珠宝】粉晶手镯 多样性发一 CAN2800037	,水晶	,未镶嵌	,"	",待制证	,236145150	,星阑严选店	,6954326558386361500	,5.7	,否	,199	,通过	,"	","	","	","	",水晶	,"	","	","	",46.20g(含绳及签)	,---	,手镯	,个	,合格	,完好无污损	,委托检测	,社会证明作用	,验证证书	,常温	
0602914714	,ZJ2607027798	,962607130088	,A54051583	,1	,2026-07-13 13:57:11	,2026-07-13 14:22:21	,2026-07-13 14:25:45	,-	,L【玉氏珠宝】粉晶手镯 多样性发一 CAN2800037	,水晶	,未镶嵌	,"	",待制证	,236145150	,星阑严选店	,6927829204355283981	,5.7	,否	,199	,通过	,"	","	","	","	",水晶	,"	","	","	",43.45g(含绳及签)	,---	,手镯	,个	,合格	,完好无污损	,委托检测	,社会证明作用	,验证证书	,常温	
0703594301	,ZJ2607027804	,962607130088	,A54051583	,1	,2026-07-13 13:57:11	,2026-07-13 14:22:21	,2026-07-13 14:25:45	,-	,L【玉氏珠宝】粉晶手镯 多样性发一 CAN2800037	,水晶	,未镶嵌	,"	",待制证	,236145150	,星阑严选店	,6954348923533400026	,5.7	,否	,199	,通过	,"	","	","	","	",水晶	,"	","	","	",42.51g(含绳及签)	,---	,手镯	,个	,合格	,完好无污损	,委托检测	,社会证明作用	,验证证书	,常温	
0485474103	,ZJ2607027803	,962607130088	,A54051583	,1	,2026-07-13 13:57:11	,2026-07-13 14:22:21	,2026-07-13 14:25:45	,-	,L【玉氏珠宝】粉晶手镯 多样性发一 CAN2800037	,水晶	,未镶嵌	,"	",待制证	,236145150	,星阑严选店	,6954351447636252171	,5.7	,否	,199	,通过	,"	","	","	","	",水晶	,"	","	","	",49.86g(含绳及签)	,---	,手镯	,个	,合格	,完好无污损	,委托检测	,社会证明作用	,验证证书	,常温	
0753954850	,ZJ2607027780	,962607130083	,A54056562	,1	,2026-07-13 13:45:32	,2026-07-13 14:08:43	,2026-07-13 14:24:22	,2026-07-13 14:24:34	,传世级 和田玉冰藕粉猫起荧光满珠项链 18K金 10mm± H071126	,和田玉	,未镶嵌	,"	",流程完成	,251166340	,恒正珠宝六店	,6927883490570894546	,5.7	,否	,价格较高	,通过	,"	","	","	",18K金	,和田玉	,"	","	","	",71.91g(含签)	,"金属配件为18K金,转轴部分金属未测	",项链	,个	,合格	,完好无污损	,委托检测	,社会证明作用	,验证证书	,常温	
1039167522	,ZJ2607027781	,962607130083	,A54056562	,1	,2026-07-13 13:45:32	,2026-07-13 14:08:43	,2026-07-13 14:24:22	,2026-07-13 14:24:34	,传世级 和田玉冰藕粉猫起荧光满珠项链 18K金 10mm± H071126	,和田玉	,未镶嵌	,"	",流程完成	,251166340	,恒正珠宝六店	,6927888187484765192	,5.7	,否	,价格较高	,通过	,"	","	","	",18K金	,和田玉	,"	","	","	",71.18g(含签)	,"金属配件为18K金,转轴部分金属未测	",项链	,个	,合格	,完好无污损	,委托检测	,社会证明作用	,验证证书	,常温	
0401817759	,ZJ2607027736	,962607130074	,A54058304	,1	,2026-07-13 13:32:03	,2026-07-13 14:09:39	,2026-07-13 14:23:51	,2026-07-13 14:24:34	,冬***姐颈饰未镶嵌和田玉	,和田玉	,未镶嵌	,"	",流程完成	,266849053	,金谷玉器精品店	,6954428661529580640	,5.7	,否	,价格较高	,通过	,"	","	","	","	",和田玉	,"	","	","	",42.35g	,---	,手链	,个	,合格	,完好无污损	,委托检测	,社会证明作用	,验证证书	,常温	
0837832839	,ZJ2607027737	,962607130075	,A54047948	,1	,2026-07-13 13:33:12	,2026-07-13 14:13:14	,2026-07-13 14:23:32	,2026-07-13 14:23:46	,【周年庆】18K金和田玉碧玉果绿葫芦吊坠天然玉石多样性发一D38E91	,和田玉	,18K金镶嵌	,"	",流程完成	,284301987	,一夕珠宝G	,6927885816091344575	,3	,否	,价格较高	,通过	,"	","	","	","	",和田玉（碧玉）	,18K金	,"	","	",15.76g(含链及签)	,"镶嵌配石未检,配链未检	",挂坠	,个	,合格	,完好无污损	,委托检测	,社会证明作用	,验证证书	,常温	
0284242004	,ZJ2607001384	,962607130081	,A54051611	,1	,2026-07-13 13:40:52	,-	,-	,2026-07-01 19:16:57	,L【玉总珠宝】925银青金四叶草手链-约13*2mm 多样性发一 CAN243024	,青金石	,银S925镶嵌	,"	",质检中	,236145150	,星阑严选店	,6954397294038095439	,1	,是	,299	,"	","	","	","	",青金石	,青金石	,银925	,"	","	",5.35g	,---	,手链	,个	,"	","	",委托检测	,社会证明作用	,验证证书	,常温	
0418635902	,ZJ2607027821	,962607130091	,A54057083	,1	,2026-07-13 14:04:38	,-	,-	,-	,【扶摇臻选】缠丝玛瑙DIY蓝一线手串多样性发其一9421	,玛瑙/玉髓	,未镶嵌	,"	",质检中	,186203362	,扶摇六店	,6954403940527314577	,0	,否	,999	,"	","	","	","	","淡水珍珠,银S925	","	","	","	","	",33.02g	,"	","	",个	,"	","	",委托检测	,社会证明作用	,验证证书	,常温	
0150097965	,ZJ2607027772	,962607130081	,A54051611	,1	,2026-07-13 13:40:52	,-	,-	,-	,L【玉总珠宝】925银和田玉diy万能链-约4mm 多样性发一 CAN355002	,和田玉	,银S925镶嵌	,"	",质检中	,236145150	,星阑严选店	,6927886496974142892	,0	,否	,399	,"	","	","	","	","	","	","	","	","	",12.84g	,"	","	",个	,"	","	",委托检测	,社会证明作用	,验证证书	,常温	
0385052788	,ZJ2607027820	,962607130091	,A54057083	,1	,2026-07-13 14:04:38	,-	,-	,-	,【扶摇臻选】多宝手串玛瑙手串（多样性发其一）5378	,玛瑙/玉髓	,未镶嵌	,"	",质检中	,186203362	,扶摇六店	,6954400039687951474	,0	,否	,价格较高	,"	","	","	","	","银S925,琥珀(蜜蜡)	","	","	","	","	",19.10g	,"	","	",个	,"	","	",委托检测	,社会证明作用	,验证证书	,常温	
0015786098	,ZJ2607027818	,962607130091	,A54057083	,1	,2026-07-13 14:04:38	,-	,-	,-	,银S925镶嵌玛瑙/玉髓项链熊猫三眼银镶吊坠	,玛瑙/玉髓	,银S925镶嵌	,"	",质检中	,186203362	,扶摇六店	,6954403650152437720	,0	,否	,299	,"	","	","	","	","	","	","	","	","	",12.37g	,"	","	",个	,"	","	",委托检测	,社会证明作用	,验证证书	,常温	
0116543533	,ZJ2607027771	,962607130081	,A54051611	,1	,2026-07-13 13:40:52	,-	,-	,-	,L【玉总珠宝】925银和田玉diy万能链-约4mm 多样性发一 CAN355002	,和田玉	,银S925镶嵌	,"	",质检中	,236145150	,星阑严选店	,6927884351060868841	,0	,否	,399	,"	","	","	","	","	","	","	","	","	",13.80g	,"	","	",个	,"	","	",委托检测	,社会证明作用	,验证证书	,常温	
0418426993	,ZJ2607027826	,962607130091	,A54057083	,1	,2026-07-13 14:04:38	,-	,-	,-	,【扶摇臻选】简约设计红肉折线九眼项链多样性发其一8555	,玛瑙/玉髓	,未镶嵌	,"	",质检中	,186203362	,扶摇六店	,6954422339454637944	,0	,否	,价格较高	,"	","	","	","	","	","	","	","	","	",18.11g	,"	","	",个	,"	","	",委托检测	,社会证明作用	,验证证书	,常温	
0636506147	,ZJ2607027770	,962607130081	,A54051611	,1	,2026-07-13 13:40:52	,-	,-	,-	,L【玉氏珠宝】和田玉晴水戒圈 多样性发一 CAN4130008	,和田玉	,未镶嵌	,"	",质检中	,236145150	,星阑严选店	,6954416650119156824	,0	,否	,228	,"	","	","	","	","	","	","	","	","	",2.58g	,"	","	",个	,"	","	",委托检测	,社会证明作用	,验证证书	,常温	
1039306877	,ZJ2607027819	,962607130091	,A54057083	,1	,2026-07-13 14:04:38	,-	,-	,-	,扶摇臻选|南红玛瑙老蜡一线彩色手串0595	,玛瑙/玉髓（覆膜）	,未镶嵌	,"	",质检中	,186203362	,扶摇六店	,6927900984836980523	,0	,否	,599	,"	","	","	","	","银S925,琥珀(蜜蜡)	","	","	","	","	",19.81g	,"	","	",个	,"	","	",委托检测	,社会证明作用	,验证证书	,常温	
0083087394	,ZJ2607027769	,962607130081	,A54051611	,1	,2026-07-13 13:40:52	,-	,-	,-	,L【玉氏珠宝】和田玉晴水戒圈 多样性发一 CAN4130008	,和田玉	,未镶嵌	,"	",质检中	,236145150	,星阑严选店	,6954400798440888083	,0	,否	,228	,"	","	","	","	","	","	","	","	","	",3.16g	,"	","	",个	,"	","	",委托检测	,社会证明作用	,验证证书	,常温	
0166776991	,ZJ2607027784	,962607130086	,A54047310	,1	,2026-07-13 13:51:47	,-	,-	,-	,翡翠18K金镶嵌吊坠(赠链)柠*?高冰紫罗兰毛衣链吊坠	,翡翠	,18K金镶嵌	,"	",质检中	,118989779	,林娜珠宝	,6927912577815051291	,0	,否	,价格较高	,"	","	","	","	",钻石	,"	","	","	","	",19.32g	,"	","	",个	,"	","	",委托检测	,社会证明作用	,验证证书	,常温	
0838037659	,ZJ2607027785	,962607130086	,A54047310	,1	,2026-07-13 13:51:47	,-	,-	,-	,18K金镶嵌吊坠(赠链)翡翠柠*?高冰紫罗兰佛公吊坠	,翡翠	,18K金镶嵌	,"	",质检中	,118989779	,林娜珠宝	,6927901649118002203	,0	,否	,价格较高	,"	","	","	","	",钻石	,"	","	","	","	",21.57g	,"	","	",个	,"	","	",委托检测	,社会证明作用	,验证证书	,常温	
0317845629	,ZJ2607027786	,962607130086	,A54047310	,1	,2026-07-13 13:51:47	,-	,-	,-	,喂***千18K金镶嵌吊坠(赠链)翡翠玻璃种起钢蛋面戒指吊坠两用	,翡翠	,18K金镶嵌	,"	",质检中	,118989779	,林娜珠宝	,6927876811226906420	,0	,否	,价格较高	,"	","	","	","	",钻石	,"	","	","	","	",14.53g	,"	","	",个	,"	","	",委托检测	,社会证明作用	,验证证书	,常温	
0049381525	,ZJ2607027753	,962607130079	,A54052991	,1	,2026-07-13 13:39:58	,2026-07-13 14:12:34	,2026-07-13 14:20:06	,2026-07-13 14:20:36	,【福玺珠宝】和田玉镂空款方戒镶嵌国标925银戒指	,和田玉（碧玉）	,银S925镶嵌	,"	",流程完成	,15387557	,福玺珠宝的小店	,6954431703304181188	,5.7	,否	,199	,通过	,"	","	","	","	",和田玉	,银925	,"	","	",6.17g	,---	,戒指	,个	,合格	,完好无污损	,委托检测	,社会证明作用	,验证证书	,常温	
0955285653	,ZJ2607027752	,962607130079	,A54052991	,1	,2026-07-13 13:39:58	,2026-07-13 14:12:34	,2026-07-13 14:20:06	,2026-07-13 14:20:36	,【福玺珠宝】和田玉镂空款马鞍戒镶s925银戒指（活口可调节）MYD	,和田玉	,银S925镶嵌	,"	",流程完成	,15387557	,福玺珠宝的小店	,6954431424083662091	,5.7	,否	,199	,通过	,"	","	","	","和田玉,银S925	",和田玉	,银925	,"	","	",4.43g	,镶嵌配石未检	,戒指	,个	,合格	,完好无污损	,委托检测	,社会证明作用	,验证证书	,常温	
0183672981	,ZJ2607027754	,962607130079	,A54052991	,1	,2026-07-13 13:39:58	,2026-07-13 14:12:34	,2026-07-13 14:20:06	,2026-07-13 14:20:36	,【福玺珠宝】和田玉羊脂白玉蛋面镶嵌s925银纯银大圣归来戒指（活口）	,和田玉	,银S925镶嵌	,"	",流程完成	,15387557	,福玺珠宝的小店	,6927900956255353871	,5.7	,否	,398	,通过	,"	","	","	","	",和田玉	,银925	,"	","	",12.07g	,---	,戒指	,个	,合格	,完好无污损	,委托检测	,社会证明作用	,验证证书	,常温	
0015753365	,ZJ2607027751	,962607130079	,A54052991	,1	,2026-07-13 13:39:58	,2026-07-13 14:12:34	,2026-07-13 14:20:06	,2026-07-13 14:20:36	,【福玺珠宝】和田玉马鞍戒s925银镶（活口）男女同款7x14（多样性发一）	,和田玉	,银S925镶嵌	,"	",流程完成	,15387557	,福玺珠宝的小店	,6927901060343692753	,5.7	,否	,158	,通过	,"	","	","	","	",和田玉	,银925	,"	","	",3.78g	,---	,戒指	,个	,合格	,完好无污损	,委托检测	,社会证明作用	,验证证书	,常温	
0468836477	,ZJ2607027827	,962607130091	,A54057083	,1	,2026-07-13 14:04:38	,-	,-	,-	,【扶摇臻选】喜马拉雅白水晶杵杵项链（多样性发一）9888	,水晶	,未镶嵌	,"	",质检中	,186203362	,扶摇六店	,6927885995075927670	,0	,否	,199	,"	","	","	","	","	","	","	","	","	",6.97g	,"	","	",个	,"	","	",委托检测	,社会证明作用	,验证证书	,常温	
0267432055	,ZJ2607027828	,962607130091	,A54057083	,1	,2026-07-13 14:04:38	,-	,-	,-	,【扶摇臻选】老蜡红绳多宝蜜蜡项链（多样性发一）8336	,蜜蜡	,未镶嵌	,"	",质检中	,186203362	,扶摇六店	,6927900720116694827	,0	,否	,价格较高	,"	","	","	","	","	","	","	","	","	",25.99g	,"	","	",个	,"	","	",委托检测	,社会证明作用	,验证证书	,常温	
0183746671	,ZJ2607027822	,962607130091	,A54057083	,1	,2026-07-13 14:04:38	,-	,-	,-	,【扶摇臻选】·扶摇珠宝·双牙牙尸尸银玛瑙手串（多样性发一）5958	,玛瑙/玉髓	,未镶嵌	,"	",质检中	,186203362	,扶摇六店	,6954425322993424165	,0	,否	,价格较高	,"	","	","	","	","淡水珍珠,银S925	","	","	","	","	",23.61g	,"	","	",个	,"	","	",委托检测	,社会证明作用	,验证证书	,常温	
0888303740	,ZJ2604032015	,962607130091	,A54057083	,1	,2026-07-13 14:04:38	,-	,-	,2026-04-18 14:22:24	,玛瑙/玉髓未镶嵌项链金刚三眼一线长链	,玛瑙/玉髓	,未镶嵌	,"	",质检中	,186203362	,扶摇六店	,6927900971615551275	,1	,是	,999	,"	","	","	","	","	",玛瑙	,"	","	","	",43.47g(含绳及签)	,"另配水晶,金属配件为银S925	",项链	,个	,"	","	",委托检测	,社会证明作用	,验证证书	,常温	
0955371669	,ZJ2607027750	,962607130078	,A54055134	,0	,2026-07-13 13:37:44	,-	,-	,-	,【福玺珠宝】s925银四爪镶嵌瓦片款黑玛瑙戒指	,玛瑙/玉髓	,银S925镶嵌	,"	",质检中	,15387557	,福玺珠宝的小店	,6954395110244685740	,0	,否	,368	,"	","	","	","	","	","	","	","	","	",9.60g	,"	","	",个	,"	","	",委托检测	,社会证明作用	,验证证书	,常温	
0787624085	,ZJ2607027748	,962607130078	,A54055134	,0	,2026-07-13 13:37:44	,-	,-	,-	,【福玺珠宝】和田玉碧玉蛋面款戒指镶嵌s925银纯银（活口）	,和田玉	,银S925镶嵌	,"	",质检中	,15387557	,福玺珠宝的小店	,6954421746410132743	,0	,否	,688	,"	","	","	","	","	","	","	","	","	",11.21g	,"	","	",个	,"	","	",委托检测	,社会证明作用	,验证证书	,常温	
0049307797	,ZJ2607027746	,962607130078	,A54055134	,0	,2026-07-13 13:37:44	,-	,-	,-	,【福玺珠宝】和田玉马鞍戒s925银镶（活口）男女同款7x14（多样性发一）	,和田玉	,银S925镶嵌	,"	",质检中	,15387557	,福玺珠宝的小店	,6927880410800815272	,0	,否	,158	,"	","	","	","	","	","	","	","	","	",3.79g	,"	","	",个	,"	","	",委托检测	,社会证明作用	,验证证书	,常温	
0166805653	,ZJ2607027747	,962607130078	,A54055134	,0	,2026-07-13 13:37:44	,-	,-	,-	,【福玺珠宝】和田玉镶嵌国标925银镂空花款时尚银戒（活口）	,和田玉	,银S925镶嵌	,"	",质检中	,15387557	,福玺珠宝的小店	,6954405592103196141	,0	,否	,199	,"	","	","	","	","	","	","	","	","	",6.30g	,"	","	",个	,"	","	",委托检测	,社会证明作用	,验证证书	,常温	
0921850009	,ZJ2607027749	,962607130078	,A54055134	,0	,2026-07-13 13:37:44	,-	,-	,-	,【福玺珠宝】s925银镶嵌马达加斯加黑玛瑙籽料	,玛瑙/玉髓	,银S925镶嵌	,"	",质检中	,15387557	,福玺珠宝的小店	,6954426773232883514	,0	,否	,159	,"	","	","	","	","	","	","	","	","	",4.16g	,"	","	",个	,"	","	",委托检测	,社会证明作用	,验证证书	,常温	
0284250238	,ZJ2607027825	,962607130091	,A54057083	,1	,2026-07-13 14:04:38	,-	,-	,-	,扶摇臻选|缠丝红角角玛瑙皮绳吊坠多样性发一个-0054	,玛瑙/玉髓（覆膜）	,未镶嵌	,"	",质检中	,186203362	,扶摇六店	,6954426339637794366	,0	,否	,188	,"	","	","	","	","	","	","	","	","	",33.41g	,"	","	",个	,"	","	",委托检测	,社会证明作用	,验证证书	,常温	
1072779390	,ZJ2607027824	,962607130091	,A54057083	,1	,2026-07-13 14:04:38	,-	,-	,-	,扶摇臻选|缠丝红角角玛瑙皮绳吊坠多样性发一个-0054	,玛瑙/玉髓（覆膜）	,未镶嵌	,"	",质检中	,186203362	,扶摇六店	,6927886045810360257	,0	,否	,188	,"	","	","	","	","	","	","	","	","	",28.68g	,"	","	",个	,"	","	",委托检测	,社会证明作用	,验证证书	,常温	
0552853629	,ZJ2607027823	,962607130091	,A54057083	,1	,2026-07-13 14:04:38	,-	,-	,-	,【扶摇臻选】彩虹一线多宝手串（多样性发一）5947	,玛瑙/玉髓	,未镶嵌	,"	",质检中	,186203362	,扶摇六店	,6927886027546394411	,0	,否	,699	,"	","	","	","	","	","	","	","	","	",10.30g	,"	","	",个	,"	","	",委托检测	,社会证明作用	,验证证书	,常温	
0015786060	,ZJ2606059038	,962607130084	,A54053354	,1	,2026-07-13 13:49:48	,2026-07-13 14:09:14	,2026-07-13 14:24:46	,2026-06-28 20:22:39	,【扶摇臻选】西亚珠线线管子一线天珠吊坠（多样性发一）5418	,玛瑙/玉髓	,未镶嵌	,"	",流程完成	,240900266	,扶摇八店	,6927889335513087217	,1	,是	,价格较高	,通过	,"	","	","	",银S925	,玛瑙	,"	","	","	",21.88g(含绳及签)	,"镶嵌配石未检,金属配件为银S925,金属表面附着物未检	",挂坠	,个	,合格	,完好无污损	,委托检测	,社会证明作用	,验证证书	,常温	
0032305046	,ZJ2607027742	,962607130076	,A54022110	,1	,2026-07-13 13:34:53	,2026-07-13 14:19:53	,2026-07-13 14:22:46	,2026-07-13 14:23:46	,【扶摇臻选】·扶摇珠宝·大黑五眼天地天珠多宝项链（多样性发一）	,玛瑙/玉髓	,未镶嵌	,"	",流程完成	,240900266	,扶摇八店	,6927829041204591789	,5.7	,否	,价格较高	,通过	,"	","	","	",银S925	,玛瑙	,"	","	","	",31.85g(含绳及签)	,"白色配珠未检,尾珠未检,金属配件为银S925	",饰品	,个	,合格	,完好无污损	,委托检测	,社会证明作用	,验证证书	,常温	
0619470741	,ZJ2607027741	,962607130076	,A54022110	,1	,2026-07-13 13:34:53	,2026-07-13 14:19:53	,2026-07-13 14:22:46	,2026-07-13 14:23:46	,【扶摇臻选】·扶摇珠宝·大黑五眼天地天珠多宝项链（多样性发一）	,玛瑙/玉髓	,未镶嵌	,"	",流程完成	,240900266	,扶摇八店	,6927833144938954539	,5.7	,否	,价格较高	,通过	,"	","	","	",银S925	,玛瑙	,"	","	","	",30.65g(含绳及签)	,"白色配珠未检,尾珠未检,金属配件为银S925	",饰品	,个	,合格	,完好无污损	,委托检测	,社会证明作用	,验证证书	,常温	
0569143189	,ZJ2607027740	,962607130076	,A54022110	,1	,2026-07-13 13:34:53	,2026-07-13 14:19:53	,2026-07-13 14:22:46	,2026-07-13 14:23:46	,【扶摇臻选】·扶摇珠宝·大黑五眼天地天珠多宝项链（多样性发一）	,玛瑙/玉髓	,未镶嵌	,"	",流程完成	,240900266	,扶摇八店	,6927839422065703938	,5.7	,否	,价格较高	,通过	,"	","	","	",银S925	,玛瑙	,"	","	","	",31.07g(含绳及签)	,"白色配珠未检,尾珠未检,金属配件为银S925	",饰品	,个	,合格	,完好无污损	,委托检测	,社会证明作用	,验证证书	,常温	
0820793237	,ZJ2607027739	,962607130076	,A54022110	,1	,2026-07-13 13:34:53	,2026-07-13 14:19:53	,2026-07-13 14:22:46	,2026-07-13 14:23:46	,【扶摇臻选】·扶摇珠宝·大黑五眼天地天珠多宝项链（多样性发一）	,玛瑙/玉髓	,未镶嵌	,"	",流程完成	,240900266	,扶摇八店	,6927839458253963195	,5.7	,否	,价格较高	,通过	,"	","	","	",银S925	,玛瑙	,"	","	","	",31.63g(含绳及签)	,"白色配珠未检,尾珠未检,金属配件为银S925	",饰品	,个	,合格	,完好无污损	,委托检测	,社会证明作用	,验证证书	,常温	
0602890136	,ZJ2607027738	,962607130076	,A54022110	,1	,2026-07-13 13:34:53	,2026-07-13 14:19:53	,2026-07-13 14:22:46	,2026-07-13 14:23:46	,【扶摇臻选】宝瓶莲心多宝项链（多样性发一）2226	,玛瑙/玉髓	,未镶嵌	,"	",流程完成	,240900266	,扶摇八店	,6927839532461292818	,5.7	,否	,价格较高	,通过	,"	","	","	",银S925	,玛瑙	,"	","	","	",36.67g(含绳及签)	,"镶嵌配石未检,金属配件为银S925,圆珠、白色配珠未检	",饰品	,个	,合格	,完好无污损	,委托检测	,社会证明作用	,验证证书	,常温	
0938524833	,ZJ2607027745	,962607130077	,A54058901	,1	,2026-07-13 13:35:24	,2026-07-13 14:15:48	,2026-07-13 14:21:10	,2026-07-13 14:21:19	,十***一玛瑙/玉髓散珠小卢两眼	,玛瑙/玉髓	,"	","	",流程完成	,33278518	,顿藏臻选宝珠	,6954428819503781280	,3.8	,否	,280	,通过	,"	","	","	","	",玛瑙	,"	","	","	",8.20g(含绳及签)	,绿色配石未检	,饰品	,个	,合格	,完好无污损	,委托检测	,社会证明作用	,验证证书	,常温	
0435196065	,ZJ2607027743	,962607130077	,A54058901	,1	,2026-07-13 13:35:24	,2026-07-13 14:15:48	,2026-07-13 14:21:10	,2026-07-13 14:21:19	,轩***哥玛瑙/玉髓散珠曲贡金刚三	,玛瑙/玉髓	,"	","	",流程完成	,33278518	,顿藏臻选宝珠	,6927911184514776271	,3.8	,否	,180	,通过	,"	","	","	","	",玛瑙	,"	","	","	",7.68g	,---	,饰品	,个	,合格	,完好无污损	,委托检测	,社会证明作用	,验证证书	,常温	
0082882721	,ZJ2607027744	,962607130077	,A54058901	,1	,2026-07-13 13:35:24	,2026-07-13 14:15:48	,2026-07-13 14:21:10	,2026-07-13 14:21:19	,十***一玛瑙/玉髓散珠小卢三	,玛瑙/玉髓	,"	","	",流程完成	,33278518	,顿藏臻选宝珠	,6954428786118759840	,3.8	,否	,260	,通过	,"	","	","	","	",玛瑙	,"	","	","	",3.70g(含绳及签)	,绿色配石未检	,饰品	,个	,合格	,完好无污损	,委托检测	,社会证明作用	,验证证书	,常温	
0720564265	,ZJ2607027637	,962607130065	,A54046830	,00	,2026-07-13 12:36:27	,2026-07-13 14:18:02	,2026-07-13 14:20:39	,2026-07-13 14:21:19	,香港王老板-琥珀蜜蜡吊坠26y1859	,琥珀	,未镶嵌	,"	",流程完成	,285099148	,大玉儿珠宝3	,6954376245508970294	,6.65	,否	,价格较高	,通过	,"	","	","	","	",琥珀	,"	","	","	",33.96g(含签)	,"镶嵌配石未检,金属未测	",挂坠	,个	,合格	,完好无污损	,委托检测	,社会证明作用	,验证证书	,常温	
0435081173	,ZJ2607027629	,962607130062	,A54047145	,00	,2026-07-13 12:29:02	,-	,-	,-	,坠链均足银 足银流苏项链女款小众轻奢风百搭吊坠银锁骨链不掉色	,坠链均足银	,"	",2.3g	,质检中	,10544538	,ZAVO饰品旗舰店	,6954365527110195065	,0	,否	,168	,"	","	","	","	","	","	","	","	","	",2.42g	,"	","	",个	,"	","	",委托检测	,社会证明作用	,验证证书	,常温	
0300970119	,ZJ2607027628	,962607130061	,A54047930	,1	,2026-07-13 12:21:08	,2026-07-13 14:05:34	,2026-07-13 14:14:59	,2026-07-13 14:17:40	,"	","	","	","	",流程完成	,284301987	,一夕珠宝G	,6927880246659546837	,3	,否	,0	,通过	,"	","	","	","	",珍珠	,"	","	","	",21.99g(含绳)	,"镶嵌配石未检,尾珠未检,金属未测	",饰品	,个	,合格	,完好无污损	,委托检测	,社会证明作用	,验证证书	,常温	
0317747335	,ZJ2607027626	,962607130061	,A54047930	,1	,2026-07-13 12:21:08	,2026-07-13 14:05:34	,2026-07-13 14:14:59	,2026-07-13 14:17:40	,"	","	","	","	",流程完成	,284301987	,一夕珠宝G	,6927884579649322601	,3	,否	,0	,通过	,"	","	","	","	",珍珠	,"	","	","	",22.18g(含绳)	,"镶嵌配石未检,尾珠未检,金属未测	",饰品	,个	,合格	,完好无污损	,委托检测	,社会证明作用	,验证证书	,常温	
0217084039	,ZJ2607027624	,962607130061	,A54047930	,1	,2026-07-13 12:21:08	,2026-07-13 14:05:34	,2026-07-13 14:14:59	,2026-07-13 14:17:40	,"	","	","	","	",流程完成	,284301987	,一夕珠宝G	,6954408270128944848	,3	,否	,0	,通过	,"	","	","	","	",珍珠	,"	","	","	",23.40g(含绳)	,"镶嵌配石未检,尾珠未检,金属未测	",饰品	,个	,合格	,完好无污损	,委托检测	,社会证明作用	,验证证书	,常温	
0267415687	,ZJ2607027622	,962607130061	,A54047930	,1	,2026-07-13 12:21:08	,2026-07-13 14:05:34	,2026-07-13 14:14:59	,2026-07-13 14:17:40	,"	","	","	","	",流程完成	,284301987	,一夕珠宝G	,6954417241719444571	,3	,否	,0	,通过	,"	","	","	","	",珍珠	,"	","	","	",24.92g(含绳)	,"镶嵌配石未检,尾珠未检,金属未测	",饰品	,个	,合格	,完好无污损	,委托检测	,社会证明作用	,验证证书	,常温	
0334524551	,ZJ2607027620	,962607130061	,A54047930	,1	,2026-07-13 12:21:08	,2026-07-13 14:05:34	,2026-07-13 14:14:59	,2026-07-13 14:17:40	,"	","	","	","	",流程完成	,284301987	,一夕珠宝G	,6927886676182269865	,3	,否	,0	,通过	,"	","	","	","	",珍珠	,"	","	","	",25.21g(含绳)	,"镶嵌配石未检,尾珠未检,金属未测	",饰品	,个	,合格	,完好无污损	,委托检测	,社会证明作用	,验证证书	,常温	
0519270511	,ZJ2607027600	,962607130060	,A54056726	,1	,2026-07-13 12:17:01	,2026-07-13 13:01:23	,2026-07-13 13:25:30	,2026-07-13 13:25:45	,无***…定制翡翠未镶嵌翡翠	,定制翡翠	,未镶嵌	,"	","	",261203825	,珍萃坊珠宝阁	,6927828151083498948	,3.8	,否	,650	,通过	,"	","	","	","	",翡翠	,"	","	","	",73.39g(含绳)	,褐黄色颜色成因未定;配石未检	,挂坠	,个	,合格	,完好无污损	,委托检测	,社会证明作用	,验证证书	,常温	
0703795311	,ZJ2607027599	,962607130060	,A54056726	,1	,2026-07-13 12:17:01	,2026-07-13 13:01:23	,2026-07-13 13:25:30	,2026-07-13 13:25:45	,秋***莲定制翡翠未镶嵌翡翠	,定制翡翠	,未镶嵌	,"	","	",261203825	,珍萃坊珠宝阁	,6927799941134909200	,3.8	,否	,599	,通过	,"	","	","	","	",翡翠	,"	","	","	",43.15g(含绳)	,商称:翡翠(A货);配石未检	,挂坠	,个	,合格	,完好无污损	,委托检测	,社会证明作用	,验证证书	,常温	
0401707165	,ZJ2607027598	,962607130059	,A54056960	,1	,2026-07-13 12:14:40	,2026-07-13 13:00:21	,2026-07-13 13:26:50	,2026-07-13 13:28:24	,艺品堂 天然南红 笑口佛公吊坠 c4	,南红玛瑙	,未镶嵌	,"	","	",170169298	,弘善万福珍藏	,6954401741470504511	,3.8	,否	,199	,通过	,"	","	","	","	",玛瑙	,"	","	","	",19.11g(含绳)	,商称:南红玛瑙	,挂坠	,个	,合格	,完好无污损	,委托检测	,社会证明作用	,验证证书	,常温	
0150032541	,ZJ2607027597	,962607130059	,A54056960	,1	,2026-07-13 12:14:40	,2026-07-13 13:00:21	,2026-07-13 13:26:50	,2026-07-13 13:28:24	,【艺品堂】J011 翡翠 如意吊坠	,翡翠	,未镶嵌	,"	","	",170169298	,弘善万福珍藏	,6927874128278421333	,3.8	,否	,138	,通过	,"	","	","	",翡翠	,翡翠	,"	","	","	",5.99g(含绳)	,"商称:翡翠(A货);配石未检,金属未测	",挂坠	,个	,合格	,完好无污损	,委托检测	,社会证明作用	,验证证书	,常温	
1055965341	,ZJ2607027595	,962607130059	,A54056960	,1	,2026-07-13 12:14:40	,2026-07-13 13:00:21	,2026-07-13 13:26:50	,2026-07-13 13:28:24	,【艺品堂】J006 阳绿葫芦翡翠吊坠	,翡翠	,未镶嵌	,"	","	",170169298	,弘善万福珍藏	,6954415168868455695	,3.8	,否	,688	,通过	,"	","	","	",翡翠	,翡翠	,"	","	","	",4.07g(含签)	,"商称:翡翠(A货);镶嵌配石未检,金属未测	",挂坠	,个	,合格	,完好无污损	,委托检测	,社会证明作用	,验证证书	,常温	
1005654173	,ZJ2607027596	,962607130059	,A54056960	,1	,2026-07-13 12:14:40	,2026-07-13 13:00:21	,2026-07-13 13:26:50	,2026-07-13 13:28:24	,【艺品堂】J015 阳绿蛋面翡翠手链	,翡翠	,未镶嵌	,"	","	",170169298	,弘善万福珍藏	,6954405689030809466	,3.8	,否	,299	,通过	,"	","	","	",翡翠	,翡翠	,"	","	","	",6.19g	,"商称:翡翠(A货);镶嵌配石未检,金属未测	",挂坠	,个	,合格	,完好无污损	,委托检测	,社会证明作用	,验证证书	,常温	
0519245980	,ZJ2607027630	,962607130063	,A54056668	,1	,2026-07-13 12:32:33	,2026-07-13 13:04:43	,2026-07-13 13:33:18	,2026-07-13 13:39:52	,园***泽未镶嵌玛瑙/玉髓颈饰	,玛瑙/玉髓	,未镶嵌	,"	","	",196647433	,瑞锦缘	,6927885599992086168	,3.8	,否	,200	,通过	,"	","	","	","	",玛瑙	,"	","	","	",2.32g	,---	,饰品	,个	,合格	,完好无污损	,委托检测	,社会证明作用	,验证证书	,常温	
0317952156	,ZJ2607027632	,962607130063	,A54056668	,1	,2026-07-13 12:32:33	,2026-07-13 13:04:43	,2026-07-13 13:33:18	,2026-07-13 13:39:52	,T***T玛瑙/玉髓颈饰未镶嵌	,玛瑙/玉髓	,未镶嵌	,"	","	",196647433	,瑞锦缘	,6954406095709607380	,3.8	,否	,价格较高	,通过	,"	","	","	","	",玛瑙	,"	","	","	",28.39g(含绳)	,金属未测	,挂坠	,个	,合格	,完好无污损	,委托检测	,社会证明作用	,验证证书	,常温	
0267600028	,ZJ2607027631	,962607130063	,A54056668	,1	,2026-07-13 12:32:33	,2026-07-13 13:04:43	,2026-07-13 13:33:18	,2026-07-13 13:39:52	,周***六颈饰未镶嵌玛瑙/玉髓	,玛瑙/玉髓	,未镶嵌	,"	","	",196647433	,瑞锦缘	,6954425484743939421	,3.8	,否	,750	,通过	,"	","	","	","	",玛瑙	,"	","	","	",8.24g(含绳)	,金属未测	,挂坠	,个	,合格	,完好无污损	,委托检测	,社会证明作用	,验证证书	,常温	
0233853020	,ZJ2607021037	,962607130054	,A54045062	,1	,2026-07-13 11:59:33	,2026-07-13 12:08:07	,2026-07-13 13:21:26	,2026-07-09 21:00:16	,云丹拉姆丨xy无往不利黑金达洛多宝天珠手串多样性发其一15.5*11	,玛瑙/玉髓（覆膜）	,未镶嵌	,"	",流程完成	,251816647	,云丹珠宝	,6954307764014880495	,1	,是	,399	,通过	,"	","	","	","	",玛瑙	,"	","	","	",33.63g(含签)	,隔珠未检	,手链	,个	,合格	,完好无污损	,委托检测	,社会证明作用	,验证证书	,常温	
0938508380	,ZJ2505042930	,962607130054	,A54045062	,1	,2026-07-13 11:59:33	,2026-07-13 12:08:07	,2026-07-13 13:21:26	,2026-04-23 19:51:15	,云丹拉姆丨星辰十二眼天珠单珠多样性发其一	,玛瑙/玉髓（覆膜）	,未镶嵌	,"	",流程完成	,251816647	,云丹珠宝	,6927845242620116382	,1	,是	,399	,通过	,"	","	","	","	",玛瑙	,"	","	","	",18.46g(含绳)	,金属未检	,挂件	,个	,合格	,完好无污损	,委托检测	,社会证明作用	,验证证书	,常温	
0183521372	,ZJ2607003163	,962607130054	,A54045062	,1	,2026-07-13 11:59:33	,2026-07-13 12:08:07	,2026-07-13 13:21:26	,2026-07-02 20:09:11	,云丹拉姆丨xy无往不利黑金达洛多宝天珠手串多样性发其一15.5*11	,玛瑙/玉髓（覆膜）	,未镶嵌	,"	",流程完成	,251816647	,云丹珠宝	,6954332873880442692	,1	,是	,399	,通过	,"	","	","	","	",玛瑙	,"	","	","	",33.54g(含签)	,隔珠未检	,手串	,个	,合格	,完好无污损	,委托检测	,社会证明作用	,验证证书	,常温	
0586186844	,ZJ2607016299	,962607130054	,A54045062	,1	,2026-07-13 11:59:33	,2026-07-13 12:08:07	,2026-07-13 13:21:26	,2026-07-07 17:13:18	,【云丹拉姆】至纯一眼山天珠手串多样性发其一26*10.5mm	,玛瑙/玉髓（覆膜）	,未镶嵌	,"	",流程完成	,251816647	,云丹珠宝	,6954366528581539778	,1	,是	,199	,通过	,"	","	","	","	",玛瑙	,"	","	","	",16.11g	,"另配黑曜岩,无色、蓝色配石未检,金属未测	",手串	,个	,合格	,完好无污损	,委托检测	,社会证明作用	,验证证书	,常温	
0066101340	,ZJ2606040196	,962607130054	,A54045062	,1	,2026-07-13 11:59:33	,2026-07-13 12:08:07	,2026-07-13 13:21:26	,2026-06-30 19:35:57	,云丹拉姆丨xy无往不利黑金达洛多宝天珠手串多样性发其一15.5*11	,玛瑙/玉髓（覆膜）	,未镶嵌	,"	",流程完成	,251816647	,云丹珠宝	,6927819660627115884	,1	,是	,399	,通过	,"	","	","	","	",玛瑙	,"	","	","	",33.27g(含签)	,隔珠未检	,手串	,个	,合格	,完好无污损	,委托检测	,社会证明作用	,验证证书	,常温	
0133189724	,ZJ2606043159	,962607130054	,A54045062	,1	,2026-07-13 11:59:33	,2026-07-13 12:08:07	,2026-07-13 13:21:26	,2026-06-22 18:27:13	,云丹拉姆丨xy无往不利黑金达洛多宝天珠手串多样性发其一15.5*11	,玛瑙/玉髓（覆膜）	,未镶嵌	,"	",流程完成	,251816647	,云丹珠宝	,6927808766441324188	,1	,是	,399	,通过	,"	","	","	","	",玛瑙	,"	","	","	",33.52g(含签)	,隔珠未检	,手链	,个	,合格	,完好无污损	,委托检测	,社会证明作用	,验证证书	,常温	
0720556125	,ZJ2607027720	,962607130072	,A54048013	,1	,2026-07-13 13:21:43	,2026-07-13 14:15:56	,2026-07-13 14:17:23	,2026-07-13 14:17:40	,戒指和田玉18K金镶嵌多样性发一	,和田玉	,18K金镶嵌	,"	",流程完成	,242356773	,一夕甄选Q	,6927869310289346266	,3	,否	,价格较高	,通过	,"	","	","	","	",和田玉	,18K金	,"	","	",3.70g(含签)	,---	,戒指	,个	,合格	,完好无污损	,委托检测	,社会证明作用	,验证证书	,常温	
0217075804	,ZJ2607015388	,962607130054	,A54045062	,1	,2026-07-13 11:59:33	,2026-07-13 12:08:07	,2026-07-13 13:21:26	,2026-07-06 22:41:45	,云丹拉姆丨xy无往不利黑金达洛多宝天珠手串多样性发其一15.5*11	,玛瑙/玉髓（覆膜）	,未镶嵌	,"	",流程完成	,251816647	,云丹珠宝	,6927825644360531161	,1	,是	,399	,通过	,"	","	","	","	",玛瑙	,"	","	","	",33.33g(含签)	,隔珠未检	,手串	,个	,合格	,完好无污损	,委托检测	,社会证明作用	,验证证书	,常温	
0938512476	,ZJ2607021077	,962607130054	,A54045062	,1	,2026-07-13 11:59:33	,2026-07-13 12:08:07	,2026-07-13 13:21:26	,2026-07-09 20:57:53	,云丹拉姆丨MH红肉【巨无霸超级大】达洛单珠多样性发其一	,玛瑙/玉髓	,未镶嵌	,"	",流程完成	,251816647	,云丹珠宝	,6954336749623121647	,1	,是	,399	,通过	,"	","	","	","玉髓,玛瑙	",玛瑙	,"	","	","	",8.18g	,---	,饰品	,个	,合格	,完好无污损	,委托检测	,社会证明作用	,验证证书	,常温	
0384856200	,ZJ2607027718	,962607130072	,A54048013	,1	,2026-07-13 13:21:43	,2026-07-13 14:15:56	,2026-07-13 14:17:23	,2026-07-13 14:17:40	,18K金镶嵌和田玉吊坠(赠链)多样性发一	,和田玉	,18K金镶嵌	,"	",流程完成	,242356773	,一夕甄选Q	,6927910866061131103	,3	,否	,500	,通过	,"	","	","	","	",和田玉	,18K金	,"	","	",11.50g(含链及签)	,"镶嵌配石未检,配链未检	",挂坠	,个	,合格	,完好无污损	,委托检测	,社会证明作用	,验证证书	,常温	
0317755484	,ZJ2607009542	,962607130054	,A54045062	,1	,2026-07-13 11:59:33	,2026-07-13 12:08:07	,2026-07-13 13:21:26	,2026-07-05 20:43:50	,云丹拉姆丨TY白毫天珠锁骨链多样性发其一40.5*13	,玛瑙/玉髓（覆膜）	,未镶嵌	,"	",流程完成	,251816647	,云丹珠宝	,6954319643205112923	,1	,是	,699	,通过	,"	","	","	","	",玛瑙	,"	","	","	",17.39g(含绳及签)	,检测结论仅针对大桶珠	,饰品	,个	,合格	,完好无污损	,委托检测	,社会证明作用	,验证证书	,常温	
0921710728	,ZJ2607027719	,962607130072	,A54048013	,1	,2026-07-13 13:21:43	,2026-07-13 14:15:56	,2026-07-13 14:17:23	,2026-07-13 14:17:40	,和田玉18K金镶嵌吊坠(赠链)多样性发一	,和田玉	,18K金镶嵌	,"	",流程完成	,242356773	,一夕甄选Q	,6927874529715256374	,3	,否	,699	,通过	,"	","	","	","	",和田玉	,18K金	,"	","	",6.52g(含链及签)	,"镶嵌配石未检,配链未检	",挂坠	,个	,合格	,完好无污损	,委托检测	,社会证明作用	,验证证书	,常温	
0082878556	,ZJ2607009658	,962607130054	,A54045062	,1	,2026-07-13 11:59:33	,2026-07-13 12:08:07	,2026-07-13 13:21:26	,2026-07-05 20:17:53	,云丹拉姆丨xy无往不利黑金达洛多宝天珠手串多样性发其一15.5*11	,玛瑙/玉髓（覆膜）	,未镶嵌	,"	",流程完成	,251816647	,云丹珠宝	,6954351963383862839	,1	,是	,399	,通过	,"	","	","	","	",玛瑙	,"	","	","	",33.74g(含签)	,隔珠未检	,手串	,个	,合格	,完好无污损	,委托检测	,社会证明作用	,验证证书	,常温	
1005617244	,ZJ2607005055	,962607130054	,A54045062	,1	,2026-07-13 11:59:33	,2026-07-13 12:08:07	,2026-07-13 13:21:26	,2026-07-03 19:08:57	,云丹拉姆丨黑金三眼多宝天珠手串多样性发其一	,玛瑙/玉髓（覆膜）	,未镶嵌	,"	",流程完成	,251816647	,云丹珠宝	,6954364529968616464	,1	,是	,168	,通过	,"	","	","	","	",玛瑙（覆膜）	,"	","	","	",21.73g(含签)	,"另配玛瑙、珍珠,金属未测	",手链	,个	,合格	,完好无污损	,委托检测	,社会证明作用	,验证证书	,常温	
1039229064	,ZJ2607027717	,962607130072	,A54048013	,1	,2026-07-13 13:21:43	,2026-07-13 14:15:56	,2026-07-13 14:17:23	,2026-07-13 14:17:40	,18K金镶嵌吊坠(赠链)和田玉多样性发一	,和田玉	,18K金镶嵌	,"	",流程完成	,242356773	,一夕甄选Q	,6927881042150325279	,3	,否	,价格较高	,通过	,"	","	","	","	",和田玉	,18K金	,"	","	",6.93g(含链及签)	,"镶嵌配石未检,配链未检	",挂坠	,个	,合格	,完好无污损	,委托检测	,社会证明作用	,验证证书	,常温	
0401653896	,ZJ2607027716	,962607130072	,A54048013	,1	,2026-07-13 13:21:43	,2026-07-13 14:15:56	,2026-07-13 14:17:23	,2026-07-13 14:17:40	,18K金镶嵌和田玉吊坠(赠链)多样性发一	,和田玉	,18K金镶嵌	,"	",流程完成	,242356773	,一夕甄选Q	,6954405995929474067	,3	,否	,299	,通过	,"	","	","	","	",和田玉	,18K金	,"	","	",7.63g(含链及签)	,"镶嵌配石未检,配链未检	",挂坠	,个	,合格	,完好无污损	,委托检测	,社会证明作用	,验证证书	,常温	
0602964060	,ZJ2606056199	,962607130054	,A54045062	,1	,2026-07-13 11:59:33	,2026-07-13 12:08:07	,2026-07-13 13:21:26	,2026-07-05 20:32:59	,云丹拉姆丨红肉熊猫三眼天珠玛瑙手串多样性发其一约28.5*13	,玛瑙/玉髓（覆膜）	,未镶嵌	,"	",流程完成	,251816647	,云丹珠宝	,6954375399712953554	,1	,是	,399	,通过	,"	","	","	","	",玛瑙	,"	","	","	",15.21g(含签)	,"镶嵌配石未检,木质配饰未检,金属未测	",手链	,个	,合格	,完好无污损	,委托检测	,社会证明作用	,验证证书	,常温	
0938487944	,ZJ2607027715	,962607130072	,A54048013	,1	,2026-07-13 13:21:43	,2026-07-13 14:15:56	,2026-07-13 14:17:23	,2026-07-13 14:17:40	,和田玉18K金镶嵌吊坠(赠链)多样性发一	,和田玉	,18K金镶嵌	,"	",流程完成	,242356773	,一夕甄选Q	,6954428457252099422	,3	,否	,699	,通过	,"	","	","	","	",和田玉	,18K金	,"	","	",7.12g(含链及签)	,"镶嵌配石未检,配链未检	",挂坠	,个	,合格	,完好无污损	,委托检测	,社会证明作用	,验证证书	,常温	
0200298588	,ZJ2606003223	,962607130054	,A54045062	,1	,2026-07-13 11:59:33	,2026-07-13 12:08:07	,2026-07-13 13:21:26	,2026-07-02 19:59:29	,云丹拉姆丨xy无往不利黑金达洛多宝天珠手串多样性发其一15.5*11	,玛瑙/玉髓（覆膜）	,未镶嵌	,"	",流程完成	,251816647	,云丹珠宝	,6927789532331408621	,1	,是	,399	,通过	,"	","	","	","	",玛瑙	,"	","	","	",35.40g(含签)	,隔珠未检	,手链	,个	,合格	,完好无污损	,委托检测	,社会证明作用	,验证证书	,常温	
0955285596	,ZJ2606064363	,962607130054	,A54045062	,1	,2026-07-13 11:59:33	,2026-07-13 12:08:07	,2026-07-13 13:21:26	,2026-06-30 19:38:04	,云丹拉姆丨天地手串多样性发其一	,玛瑙/玉髓（覆膜）	,未镶嵌	,"	",流程完成	,251816647	,云丹珠宝	,6927843283747503937	,1	,是	,288	,通过	,"	","	","	","	",玛瑙	,"	","	","	",16.53g	,金属未测	,手串	,个	,合格	,完好无污损	,委托检测	,社会证明作用	,验证证书	,常温	
1072730204	,ZJ2607009657	,962607130054	,A54045062	,1	,2026-07-13 11:59:33	,2026-07-13 12:08:07	,2026-07-13 13:21:26	,2026-07-05 20:17:53	,云丹拉姆丨xy无往不利黑金达洛多宝天珠手串多样性发其一15.5*11	,玛瑙/玉髓（覆膜）	,未镶嵌	,"	",流程完成	,251816647	,云丹珠宝	,6927825753208553118	,1	,是	,399	,通过	,"	","	","	","	",玛瑙	,"	","	","	",33.78g(含签)	,隔珠未检	,手串	,个	,合格	,完好无污损	,委托检测	,社会证明作用	,验证证书	,常温	
0988872840	,ZJ2607027714	,962607130072	,A54048013	,1	,2026-07-13 13:21:43	,2026-07-13 14:15:56	,2026-07-13 14:17:23	,2026-07-13 14:17:40	,吊坠(赠链)和田玉18K金镶嵌多样性发一	,和田玉	,18K金镶嵌	,"	",流程完成	,242356773	,一夕甄选Q	,6954408915536320466	,3	,否	,299	,通过	,"	","	","	","	",和田玉	,18K金	,"	","	",9.14g(含链及签)	,"镶嵌配石未检,配链未检	",挂坠	,个	,合格	,完好无污损	,委托检测	,社会证明作用	,验证证书	,常温	
0636518492	,ZJ2606056205	,962607130054	,A54045062	,1	,2026-07-13 11:59:33	,2026-07-13 12:08:07	,2026-07-13 13:21:26	,2026-06-27 19:54:39	,云丹拉姆丨红肉熊猫三眼天珠玛瑙手串多样性发其一约28.5*13	,玛瑙/玉髓（覆膜）	,未镶嵌	,"	",流程完成	,251816647	,云丹珠宝	,6927857843655507893	,1	,是	,399	,通过	,"	","	","	","	",玛瑙	,"	","	","	",15.33g(含签)	,"镶嵌配石未检,木质配饰未检,金属未测	",手链	,个	,合格	,完好无污损	,委托检测	,社会证明作用	,验证证书	,常温	
0552603784	,ZJ2607027713	,962607130072	,A54048013	,1	,2026-07-13 13:21:43	,2026-07-13 14:15:56	,2026-07-13 14:17:23	,2026-07-13 14:17:40	,和田玉吊坠(赠链)18K金镶嵌多样性发一	,和田玉	,18K金镶嵌	,"	",流程完成	,242356773	,一夕甄选Q	,6954415598623331659	,3	,否	,价格较高	,通过	,"	","	","	","	",和田玉	,18K金	,"	","	",13.42g(含链及签)	,"镶嵌配石未检,配链未检	",挂坠	,个	,合格	,完好无污损	,委托检测	,社会证明作用	,验证证书	,常温	
0787513436	,ZJ2607016304	,962607130054	,A54045062	,1	,2026-07-13 11:59:33	,2026-07-13 12:08:07	,2026-07-13 13:21:26	,2026-07-07 17:13:18	,【云丹拉姆】至纯一眼山天珠手串多样性发其一26*10.5mm	,玛瑙/玉髓（覆膜）	,未镶嵌	,"	",流程完成	,251816647	,云丹珠宝	,6927849911216471128	,1	,是	,199	,通过	,"	","	","	","	",玛瑙	,"	","	","	",16.47g(含签)	,"另配黑曜岩,无色、蓝色配石未检,金属未测	",手串	,个	,合格	,完好无污损	,委托检测	,社会证明作用	,验证证书	,常温	
0988840028	,ZJ2607007644	,962607130054	,A54045062	,1	,2026-07-13 11:59:33	,2026-07-13 12:08:07	,2026-07-13 13:21:26	,2026-07-04 20:28:51	,云丹拉姆丨黑金三眼多宝天珠手串多样性发其一	,玛瑙/玉髓（覆膜）	,未镶嵌	,"	",流程完成	,251816647	,云丹珠宝	,6927843276534349191	,1	,是	,168	,通过	,"	","	","	","	",玛瑙	,"	","	","	",21.75g(含签)	,"另配珍珠,金属未测	",手串	,个	,合格	,完好无污损	,委托检测	,社会证明作用	,验证证书	,常温	
0116412508	,ZJ2607015387	,962607130054	,A54045062	,1	,2026-07-13 11:59:33	,2026-07-13 12:08:07	,2026-07-13 13:21:26	,2026-07-06 22:41:45	,云丹拉姆丨xy无往不利黑金达洛多宝天珠手串多样性发其一15.5*11	,玛瑙/玉髓（覆膜）	,未镶嵌	,"	",流程完成	,251816647	,云丹珠宝	,6954354248535184800	,1	,是	,399	,通过	,"	","	","	","	",玛瑙	,"	","	","	",33.88g(含签)	,隔珠未检	,手串	,个	,合格	,完好无污损	,委托检测	,社会证明作用	,验证证书	,常温	
0770887816	,ZJ2607027712	,962607130072	,A54048013	,1	,2026-07-13 13:21:43	,2026-07-13 14:15:56	,2026-07-13 14:17:23	,2026-07-13 14:17:40	,18K金镶嵌和田玉吊坠(赠链)多样性发一	,和田玉	,18K金镶嵌	,"	",流程完成	,242356773	,一夕甄选Q	,6954417836458841864	,3	,否	,999	,通过	,"	","	","	","	",和田玉	,18K金	,"	","	",17.27g(含链及签)	,"镶嵌配石未检,配链未检	",挂坠	,个	,合格	,完好无污损	,委托检测	,社会证明作用	,验证证书	,常温	
0904933512	,ZJ2607027711	,962607130072	,A54048013	,1	,2026-07-13 13:21:43	,2026-07-13 14:15:56	,2026-07-13 14:17:23	,2026-07-13 14:17:40	,和田玉18K金镶嵌吊坠(赠链)多样性发一	,和田玉	,18K金镶嵌	,"	",流程完成	,242356773	,一夕甄选Q	,6954428469720257886	,3	,否	,699	,通过	,"	","	","	","	",和田玉	,18K金	,"	","	",6.50g(含链及签)	,"镶嵌配石未检,配链未检	",挂坠	,个	,合格	,完好无污损	,委托检测	,社会证明作用	,验证证书	,常温	
0636690567	,ZJ2607027710	,962607130072	,A54048013	,1	,2026-07-13 13:21:43	,2026-07-13 14:15:56	,2026-07-13 14:17:23	,2026-07-13 14:17:40	,18K金镶嵌吊坠(赠链)和田玉多样性发一	,和田玉	,18K金镶嵌	,"	",流程完成	,242356773	,一夕甄选Q	,6954408831532341197	,3	,否	,800	,通过	,"	","	","	","	",和田玉	,18K金	,"	","	",21.52g(含链及签)	,"镶嵌配石未检,配链未检	",挂坠	,个	,合格	,完好无污损	,委托检测	,社会证明作用	,验证证书	,常温	
0049352840	,ZJ2607027721	,962607130072	,A54048013	,1	,2026-07-13 13:21:43	,2026-07-13 14:15:56	,2026-07-13 14:17:23	,2026-07-13 14:15:53	,吊坠(赠链)和田玉18K金镶嵌多样性发一	,和田玉	,18K金镶嵌	,"	",流程完成	,242356773	,一夕甄选Q	,6954405977705354259	,0	,否	,299	,不通过	,Q006	,缺口	,"	","	","	","	","	","	",10.58g	,"	","	",个	,不合格	,驳回	,委托检测	,社会证明作用	,验证证书	,常温	
0720572551	,ZJ2607027709	,962607130072	,A54048013	,1	,2026-07-13 13:21:43	,2026-07-13 14:15:56	,2026-07-13 14:17:23	,2026-07-13 14:17:40	,和田玉18K金镶嵌吊坠(赠链)多样性发一	,和田玉	,18K金镶嵌	,"	",流程完成	,242356773	,一夕甄选Q	,6954408835058242921	,3	,否	,200	,通过	,"	","	","	","	",和田玉	,18K金	,"	","	",10.39g(含链及签)	,"镶嵌配石未检,配链未检	",挂坠	,个	,合格	,完好无污损	,委托检测	,社会证明作用	,验证证书	,常温	
0116441224	,ZJ2607027636	,962607130064	,A54048376	,1	,2026-07-13 12:35:03	,2026-07-13 13:55:57	,2026-07-13 14:10:53	,2026-07-13 14:11:10	,吊坠(赠链)和田玉银S925镶嵌多样性发一	,和田玉	,银S925镶嵌	,"	",流程完成	,242356773	,一夕甄选Q	,6927902975841631583	,3	,否	,299	,通过	,"	","	","	","	",和田玉	,银925	,"	","	",10.97g(含链及签)	,"镶嵌配石未检,配链未检	",挂坠	,个	,合格	,完好无污损	,委托检测	,社会证明作用	,验证证书	,常温	
0099664008	,ZJ2607027635	,962607130064	,A54048376	,1	,2026-07-13 12:35:03	,2026-07-13 13:55:57	,2026-07-13 14:10:53	,2026-07-13 14:11:10	,吊坠(赠链)和田玉银S925镶嵌多样性发一	,和田玉	,银S925镶嵌	,"	",流程完成	,242356773	,一夕甄选Q	,6954400035921204933	,3	,否	,299	,通过	,"	","	","	","	",和田玉	,银925	,"	","	",12.27g(含链及签)	,"镶嵌配石未检,配链未检	",挂坠	,个	,合格	,完好无污损	,委托检测	,社会证明作用	,验证证书	,常温	
0082886792	,ZJ2607027634	,962607130064	,A54048376	,1	,2026-07-13 12:35:03	,2026-07-13 13:55:57	,2026-07-13 14:10:53	,2026-07-13 14:11:10	,吊坠(赠链)和田玉银S925镶嵌多样性发一	,和田玉	,银S925镶嵌	,"	",流程完成	,242356773	,一夕甄选Q	,6954403752610763793	,3	,否	,299	,通过	,"	","	","	","	",和田玉	,银925	,"	","	",10.59g(含链及签)	,"镶嵌配石未检,配链未检	",挂坠	,个	,合格	,完好无污损	,委托检测	,社会证明作用	,验证证书	,常温	
0418529417	,ZJ2607027633	,962607130064	,A54048376	,1	,2026-07-13 12:35:03	,2026-07-13 13:55:57	,2026-07-13 14:10:53	,2026-07-13 14:11:10	,【618巨献】S925银丨和田玉貔貅吊坠︱多样性发一	,和田玉	,银S925镶嵌	,"	",流程完成	,242356773	,一夕甄选Q	,6954431133784414097	,3	,否	,399	,通过	,"	","	","	","	",和田玉	,银925	,"	","	",11.59g(含链及签)	,"镶嵌配石未检,配链未检	",挂坠	,个	,合格	,完好无污损	,委托检测	,社会证明作用	,验证证书	,常温	
0888168584	,ZJ2607027652	,962607130066	,A54048195	,0	,2026-07-13 12:37:23	,2026-07-13 14:07:54	,2026-07-13 14:19:07	,2026-07-13 14:19:41	,18K金镶嵌和田玉吊坠(赠链)多样性发一	,和田玉	,18K金镶嵌	,"	",流程完成	,242356773	,一夕甄选Q	,6927902939615165494	,3	,否	,500	,通过	,"	","	","	","	",和田玉	,18K金	,"	","	",18.54g(含链及签)	,"镶嵌配石未检,配链未检	",挂坠	,个	,合格	,完好无污损	,委托检测	,社会证明作用	,验证证书	,常温	
0099704968	,ZJ2607027653	,962607130066	,A54048195	,0	,2026-07-13 12:37:23	,2026-07-13 14:07:54	,2026-07-13 14:19:07	,2026-07-13 14:19:41	,吊坠(赠链)和田玉18K金镶嵌多样性发一	,和田玉	,18K金镶嵌	,"	",流程完成	,242356773	,一夕甄选Q	,6954425461563921427	,3	,否	,599	,通过	,"	","	","	","	",和田玉	,18K金	,"	","	",5.61g(含链及签)	,配链未检	,挂坠	,个	,合格	,完好无污损	,委托检测	,社会证明作用	,验证证书	,常温	
0401608840	,ZJ2607027651	,962607130066	,A54048195	,0	,2026-07-13 12:37:23	,2026-07-13 14:07:54	,2026-07-13 14:19:07	,2026-07-13 14:19:41	,吊坠(赠链)和田玉18K金镶嵌多样性发一	,和田玉	,18K金镶嵌	,"	",流程完成	,242356773	,一夕甄选Q	,6954426134696432659	,3	,否	,价格较高	,通过	,"	","	","	","	",和田玉	,18K金	,"	","	",9.09g(含链及签)	,"镶嵌配石未检,配链未检	",挂坠	,个	,合格	,完好无污损	,委托检测	,社会证明作用	,验证证书	,常温	
0384876680	,ZJ2607027650	,962607130066	,A54048195	,0	,2026-07-13 12:37:23	,2026-07-13 14:07:54	,2026-07-13 14:19:07	,2026-07-13 14:19:41	,18K金镶嵌和田玉吊坠(赠链)多样性发一	,和田玉	,18K金镶嵌	,"	",流程完成	,242356773	,一夕甄选Q	,6927902956870335542	,3	,否	,299	,通过	,"	","	","	","	",和田玉	,18K金	,"	","	",7.76g(含链及签)	,"镶嵌配石未检,配链未检	",挂坠	,个	,合格	,完好无污损	,委托检测	,社会证明作用	,验证证书	,常温	
0418386056	,ZJ2607027649	,962607130066	,A54048195	,0	,2026-07-13 12:37:23	,2026-07-13 14:07:54	,2026-07-13 14:19:07	,2026-07-13 14:19:41	,吊坠(赠链)和田玉18K金镶嵌多样性发一	,和田玉	,18K金镶嵌	,"	",流程完成	,242356773	,一夕甄选Q	,6954430856752338350	,3	,否	,价格较高	,通过	,"	","	","	","	",和田玉	,18K金	,"	","	",13.36g(含链及签)	,"镶嵌配石未检,配链未检	",挂坠	,个	,合格	,完好无污损	,委托检测	,社会证明作用	,验证证书	,常温	
0754110600	,ZJ2607027648	,962607130066	,A54048195	,0	,2026-07-13 12:37:23	,2026-07-13 14:07:54	,2026-07-13 14:19:07	,2026-07-13 14:19:41	,18K金镶嵌和田玉吊坠(赠链)多样性发一	,和田玉	,18K金镶嵌	,"	",流程完成	,242356773	,一夕甄选Q	,6954403764822610963	,3	,否	,999	,通过	,"	","	","	","	",和田玉	,18K金	,"	","	",17.32g(含链及签)	,"镶嵌配石未检,配链未检	",挂坠	,个	,合格	,完好无污损	,委托检测	,社会证明作用	,验证证书	,常温	
0670261383	,ZJ2607027647	,962607130066	,A54048195	,0	,2026-07-13 12:37:23	,2026-07-13 14:07:54	,2026-07-13 14:19:07	,2026-07-13 14:19:41	,和田玉18K金镶嵌吊坠(赠链)多样性发一	,和田玉	,18K金镶嵌	,"	",流程完成	,242356773	,一夕甄选Q	,6954422471396103449	,3	,否	,800	,通过	,"	","	","	","	",和田玉	,18K金	,"	","	",20.64g(含链及签)	,"镶嵌配石未检,配链未检	",挂坠	,个	,合格	,完好无污损	,委托检测	,社会证明作用	,验证证书	,常温	
0217284743	,ZJ2607027646	,962607130066	,A54048195	,0	,2026-07-13 12:37:23	,2026-07-13 14:07:54	,2026-07-13 14:19:07	,2026-07-13 14:19:41	,和田玉吊坠(赠链)18K金镶嵌多样性发一	,和田玉	,18K金镶嵌	,"	",流程完成	,242356773	,一夕甄选Q	,6927887847354236629	,3	,否	,900	,通过	,"	","	","	","	",和田玉	,18K金	,"	","	",21.54g(含链及签)	,"镶嵌配石未检,配链未检	",挂坠	,个	,合格	,完好无污损	,委托检测	,社会证明作用	,验证证书	,常温	
0552603797	,ZJ2607027578	,962607130057	,A54048288	,1	,2026-07-13 12:07:34	,2026-07-13 13:23:27	,2026-07-13 13:53:50	,2026-07-13 13:54:17	,【一夕珠宝】和田玉碧玉果绿圆条手镯丨 50-63圈口多样性发一	,和田玉	,未镶嵌	,"	",流程完成	,242356773	,一夕甄选Q	,6954422522877842793	,3	,否	,价格较高	,通过	,"	","	","	","	",和田玉（碧玉）	,"	","	","	",29.43g(含绳及签)	,---	,手镯	,个	,合格	,完好无污损	,委托检测	,社会证明作用	,验证证书	,常温	
0519053449	,ZJ2607027580	,962607130057	,A54048288	,1	,2026-07-13 12:07:34	,2026-07-13 13:23:27	,2026-07-13 13:53:50	,2026-07-13 13:54:17	,未镶嵌和田玉手镯辛*’多样性发一59	,和田玉	,未镶嵌	,"	",流程完成	,242356773	,一夕甄选Q	,6927886067132760018	,3	,否	,价格较高	,通过	,"	","	","	","	",和田玉（碧玉）	,"	","	","	",69.31g(含绳及签)	,---	,手镯	,个	,合格	,完好无污损	,委托检测	,社会证明作用	,验证证书	,常温	
0502517895	,ZJ2607027645	,962607130066	,A54048195	,0	,2026-07-13 12:37:23	,2026-07-13 14:07:54	,2026-07-13 14:19:07	,2026-07-13 14:19:41	,18K金镶嵌吊坠(赠链)和田玉多样性发一	,和田玉	,18K金镶嵌	,"	",流程完成	,242356773	,一夕甄选Q	,6954415496898942313	,3	,否	,580	,通过	,"	","	","	","	",和田玉	,18K金	,"	","	",11.77g(含链及签)	,"镶嵌配石未检,配链未检	",挂坠	,个	,合格	,完好无污损	,委托检测	,社会证明作用	,验证证书	,常温	
0988913801	,ZJ2607027584	,962607130057	,A54048288	,1	,2026-07-13 12:07:34	,2026-07-13 13:23:27	,2026-07-13 13:53:50	,2026-07-13 13:54:17	,未镶嵌手镯和田玉多样性发一57	,和田玉	,未镶嵌	,"	",流程完成	,242356773	,一夕甄选Q	,6927903187982450196	,3	,否	,价格较高	,通过	,"	","	","	","	",和田玉	,"	","	","	",76.28g(含绳及签)	,---	,手镯	,个	,合格	,完好无污损	,委托检测	,社会证明作用	,验证证书	,常温	
0737333384	,ZJ2607027644	,962607130066	,A54048195	,0	,2026-07-13 12:37:23	,2026-07-13 14:07:54	,2026-07-13 14:19:07	,2026-07-13 14:19:41	,18K金镶嵌和田玉吊坠(赠链)多样性发一	,和田玉	,18K金镶嵌	,"	",流程完成	,242356773	,一夕甄选Q	,6927903004479290625	,3	,否	,999	,通过	,"	","	","	","	",和田玉	,18K金	,"	","	",13.62g(含链及签)	,"镶嵌配石未检,配链未检	",挂坠	,个	,合格	,完好无污损	,委托检测	,社会证明作用	,验证证书	,常温	
0854831239	,ZJ2607027643	,962607130066	,A54048195	,0	,2026-07-13 12:37:23	,2026-07-13 14:07:54	,2026-07-13 14:19:07	,2026-07-13 14:19:41	,18K金镶嵌吊坠(赠链)和田玉罐*多样性发一	,和田玉	,18K金镶嵌	,"	",流程完成	,242356773	,一夕甄选Q	,6954403730429711379	,3	,否	,980	,通过	,"	","	","	","	",和田玉	,18K金	,"	","	",17.17g(含链及签)	,"镶嵌配石未检,配链未检	",挂坠	,个	,合格	,完好无污损	,委托检测	,社会证明作用	,验证证书	,常温	
0384831624	,ZJ2607027642	,962607130066	,A54048195	,0	,2026-07-13 12:37:23	,2026-07-13 14:07:54	,2026-07-13 14:19:07	,2026-07-13 14:19:41	,吊坠(赠链)和田玉18K金镶嵌多样性发一	,和田玉	,18K金镶嵌	,"	",流程完成	,242356773	,一夕甄选Q	,6954402137894491769	,3	,否	,价格较高	,通过	,"	","	","	","	",和田玉	,18K金	,"	","	",12.40g(含链及签)	,"镶嵌配石未检,配链未检	",挂坠	,个	,合格	,完好无污损	,委托检测	,社会证明作用	,验证证书	,常温	
0015958156	,ZJ2607027588	,962607130057	,A54048288	,1	,2026-07-13 12:07:34	,2026-07-13 13:23:27	,2026-07-13 13:53:50	,2026-07-13 13:54:17	," 【一夕珠宝】和田玉烟紫圆条手镯丨53-62圈口多样性发一	",和田玉	,未镶嵌	,"	",流程完成	,242356773	,一夕甄选Q	,6954399745363285621	,3	,否	,价格较高	,通过	,"	","	","	","	",和田玉	,"	","	","	",70.51g(含绳及签)	,---	,手镯	,个	,合格	,完好无污损	,委托检测	,社会证明作用	,验证证书	,常温	
0720613511	,ZJ2607027641	,962607130066	,A54048195	,0	,2026-07-13 12:37:23	,2026-07-13 14:07:54	,2026-07-13 14:19:07	,2026-07-13 14:19:41	,吊坠(赠链)和田玉18K金镶嵌多样性发一	,和田玉	,18K金镶嵌	,"	",流程完成	,242356773	,一夕甄选Q	,6927900655190047785	,3	,否	,980	,通过	,"	","	","	","	",和田玉	,18K金	,"	","	",13.63g(含链及签)	,"镶嵌配石未检,配链未检	",挂坠	,个	,合格	,完好无污损	,委托检测	,社会证明作用	,验证证书	,常温	
0267513993	,ZJ2607027583	,962607130057	,A54048288	,1	,2026-07-13 12:07:34	,2026-07-13 13:23:27	,2026-07-13 13:53:50	,2026-07-13 13:54:17	,手镯和田玉未镶嵌许****签多样性发一59	,和田玉	,未镶嵌	,"	",流程完成	,242356773	,一夕甄选Q	,6927903255979130217	,3	,否	,价格较高	,通过	,"	","	","	","	",和田玉	,"	","	","	",70.93g(含绳及签)	,---	,手镯	,个	,合格	,完好无污损	,委托检测	,社会证明作用	,验证证书	,常温	
0066199689	,ZJ2607027582	,962607130057	,A54048288	,1	,2026-07-13 12:07:34	,2026-07-13 13:23:27	,2026-07-13 13:53:50	,2026-07-13 13:54:17	,手镯和田玉未镶嵌小*阳多样性发一54	,和田玉	,未镶嵌	,"	",流程完成	,242356773	,一夕甄选Q	,6927907814934675179	,3	,否	,价格较高	,通过	,"	","	","	","	",和田玉	,"	","	","	",54.94g(含绳及签)	,---	,手镯	,个	,合格	,完好无污损	,委托检测	,社会证明作用	,验证证书	,常温	
0921907335	,ZJ2607027640	,962607130066	,A54048195	,0	,2026-07-13 12:37:23	,2026-07-13 14:07:54	,2026-07-13 14:19:07	,2026-07-13 14:19:41	,和田玉吊坠(赠链)18K金镶嵌多样性发一	,和田玉	,18K金镶嵌	,"	",流程完成	,242356773	,一夕甄选Q	,6927874509332315487	,3	,否	,800	,通过	,"	","	","	","	",和田玉	,18K金	,"	","	",15.59g(含链及签)	,"镶嵌配石未检,配链未检	",挂坠	,个	,合格	,完好无污损	,委托检测	,社会证明作用	,验证证书	,常温	
1072914572	,ZJ2607027587	,962607130057	,A54048288	,1	,2026-07-13 12:07:34	,2026-07-13 13:23:27	,2026-07-13 13:53:50	,2026-07-13 13:54:17	," 【一夕珠宝】和田玉烟紫圆条手镯丨53-62圈口多样性发一	",和田玉	,未镶嵌	,"	",流程完成	,242356773	,一夕甄选Q	,6927889767009910590	,3	,否	,价格较高	,通过	,"	","	","	","	",和田玉	,"	","	","	",60.77g(含绳及签)	,---	,手镯	,个	,合格	,完好无污损	,委托检测	,社会证明作用	,验证证书	,常温	
1055932553	,ZJ2607027586	,962607130057	,A54048288	,1	,2026-07-13 12:07:34	,2026-07-13 13:23:27	,2026-07-13 13:53:50	,2026-07-13 13:54:17	,手镯未镶嵌和田玉多样性发一5859	,和田玉	,未镶嵌	,"	",流程完成	,242356773	,一夕甄选Q	,6927900909771062466	,3	,否	,价格较高	,通过	,"	","	","	","	",和田玉	,"	","	","	",71.28g(含绳及签)	,---	,手镯	,个	,合格	,完好无污损	,委托检测	,社会证明作用	,验证证书	,常温	
0150106248	,ZJ2607027639	,962607130066	,A54048195	,0	,2026-07-13 12:37:23	,2026-07-13 14:07:54	,2026-07-13 14:19:07	,2026-07-13 14:19:41	,和田玉18K金镶嵌吊坠(赠链)多样性发一	,和田玉	,18K金镶嵌	,"	",流程完成	,242356773	,一夕甄选Q	,6954426113748112403	,3	,否	,价格较高	,通过	,"	","	","	","	",和田玉	,18K金	,"	","	",7.89g(含链及签)	,"镶嵌配石未检,配链未检	",挂坠	,个	,合格	,完好无污损	,委托检测	,社会证明作用	,验证证书	,常温	
0569393248	,ZJ2607027581	,962607130057	,A54048288	,1	,2026-07-13 12:07:34	,2026-07-13 13:23:27	,2026-07-13 13:53:50	,2026-07-13 13:54:17	,【高货回馈】和田玉猫眼胖圆条手镯54-63圈口丨多样性发一	,和田玉	,未镶嵌	,"	",流程完成	,242356773	,一夕甄选Q	,6927889544048508159	,3	,否	,价格较高	,通过	,"	","	","	","	",和田玉	,"	","	","	",60.43g(含绳及签)	,---	,手镯	,个	,合格	,完好无污损	,委托检测	,社会证明作用	,验证证书	,常温	
0217219208	,ZJ2607027638	,962607130066	,A54048195	,0	,2026-07-13 12:37:23	,2026-07-13 14:07:54	,2026-07-13 14:19:07	,2026-07-13 14:19:41	,18K金镶嵌和田玉吊坠(赠链)多样性发一	,和田玉	,18K金镶嵌	,"	",流程完成	,242356773	,一夕甄选Q	,6954426135543550995	,3	,否	,价格较高	,通过	,"	","	","	","	",和田玉	,18K金	,"	","	",6.49g(含链及签)	,"镶嵌配石未检,配链未检	",挂坠	,个	,合格	,完好无污损	,委托检测	,社会证明作用	,验证证书	,常温	
0351514764	,ZJ2607027579	,962607130057	,A54048288	,1	,2026-07-13 12:07:34	,2026-07-13 13:23:27	,2026-07-13 13:53:50	,2026-07-13 13:54:17	,手镯未镶嵌和田玉若**蓝多样性发一58	,和田玉	,未镶嵌	,"	",流程完成	,242356773	,一夕甄选Q	,6927903337835757317	,3	,否	,价格较高	,通过	,"	","	","	","	",和田玉（碧玉）	,"	","	","	",55.61g(含绳及签)	,---	,手镯	,个	,合格	,完好无污损	,委托检测	,社会证明作用	,验证证书	,常温	
0401633417	,ZJ2607027585	,962607130057	,A54048288	,1	,2026-07-13 12:07:34	,2026-07-13 13:23:27	,2026-07-13 13:53:50	,2026-07-13 13:54:17	,未镶嵌手镯和田玉多样性发一5859	,和田玉	,未镶嵌	,"	",流程完成	,242356773	,一夕甄选Q	,6954426247398888813	,3	,否	,价格较高	,通过	,"	","	","	","	",和田玉	,"	","	","	",71.73g(含绳及签)	,---	,手镯	,个	,合格	,完好无污损	,委托检测	,社会证明作用	,验证证书	,常温	
0032542812	,ZJ2607027566	,962607130055	,A54044999	,1	,2026-07-13 12:01:44	,2026-07-13 13:13:27	,2026-07-13 13:39:15	,2026-07-13 13:39:53	,【云丹拉姆】红肉无界天珠玛瑙手串多样性发其一	,玛瑙/玉髓（覆膜）	,未镶嵌	,"	",流程完成	,251816647	,云丹珠宝	,6954345548373170027	,5.7	,否	,399	,通过	,"	","	","	","	",玛瑙	,"	","	","	",16.79g	,"镶嵌配石未检,木质配饰未检,金属未测	",手链	,个	,合格	,完好无污损	,委托检测	,社会证明作用	,验证证书	,常温	
0401641564	,ZJ2607027567	,962607130055	,A54044999	,1	,2026-07-13 12:01:44	,2026-07-13 13:13:27	,2026-07-13 13:39:15	,2026-07-13 13:39:53	,云丹拉姆丨xy无往不利黑金达洛多宝天珠手串多样性发其一15.5*11	,玛瑙/玉髓（覆膜）	,未镶嵌	,"	",流程完成	,251816647	,云丹珠宝	,6927849478236831111	,5.7	,否	,399	,通过	,"	","	","	","	",玛瑙	,"	","	","	",33.92g	,隔珠未检	,手链	,个	,合格	,完好无污损	,委托检测	,社会证明作用	,验证证书	,常温	
0166744156	,ZJ2607027568	,962607130055	,A54044999	,1	,2026-07-13 12:01:44	,2026-07-13 13:13:27	,2026-07-13 13:39:15	,2026-07-13 13:39:52	,云丹拉姆丨xy无往不利黑金达洛多宝天珠手串多样性发其一15.5*11	,玛瑙/玉髓（覆膜）	,未镶嵌	,"	",流程完成	,251816647	,云丹珠宝	,6954321988376401130	,5.7	,否	,399	,通过	,"	","	","	","	",玛瑙	,"	","	","	",34.32g(含签)	,隔珠未检	,手链	,个	,合格	,完好无污损	,委托检测	,社会证明作用	,验证证书	,常温	
0334684254	,ZJ2607027591	,962607130058	,A54047960	,1	,2026-07-13 12:12:02	,2026-07-13 13:14:54	,2026-07-13 13:46:22	,2026-07-13 13:47:14	,【壹世臻选】天然和田玉猫眼圆条手镯丨多样性发一	,和田玉	,未镶嵌	,"	","	",83071149	,壹世创意甄选	,6927845112286379956	,3	,否	,价格较高	,通过	,"	","	","	","	",和田玉	,"	","	","	",57.04g(含绳及签)	,---	,手镯	,个	,合格	,完好无污损	,委托检测	,社会证明作用	,验证证书	,常温	
0385003614	,ZJ2607027593	,962607130058	,A54047960	,1	,2026-07-13 12:12:02	,2026-07-13 13:14:54	,2026-07-13 13:46:22	,2026-07-13 13:47:14	,【壹世臻选】天然和田碧玉丨冰绿猫手镯丨多样性发一丨7648	,和田玉	,未镶嵌	,"	","	",83071149	,壹世创意甄选	,6954310379843556500	,3	,否	,价格较高	,通过	,"	","	","	","	",和田玉	,"	","	","	",52.93g(含绳及签)	,---	,手镯	,个	,合格	,完好无污损	,委托检测	,社会证明作用	,验证证书	,常温	
0200315021	,ZJ2607027590	,962607130058	,A54047960	,1	,2026-07-13 12:12:02	,2026-07-13 13:14:54	,2026-07-13 13:46:22	,2026-07-13 13:47:14	,【壹世臻选】天然和田玉手镯丨正圈丨多样性发一丨微带黑点-u51	,和田玉	,未镶嵌	,"	","	",83071149	,壹世创意甄选	,6927844896404176012	,3	,否	,价格较高	,通过	,"	","	","	","	",和田玉	,"	","	","	",37.08g(含绳及签)	,---	,手镯	,个	,合格	,完好无污损	,委托检测	,社会证明作用	,验证证书	,常温	
0552685703	,ZJ2607027589	,962607130058	,A54047960	,1	,2026-07-13 12:12:02	,2026-07-13 13:14:54	,2026-07-13 13:46:22	,2026-07-13 13:47:14	,【壹世臻选】天然和田玉丨果绿美人条微带红皮丨多样性发一	,和田玉	,未镶嵌	,"	","	",83071149	,壹世创意甄选	,6927832659907870135	,3	,否	,价格较高	,通过	,"	","	","	","	",和田玉（碧玉）	,"	","	","	",32.74g(含绳及签)	,---	,手镯	,个	,合格	,完好无污损	,委托检测	,社会证明作用	,验证证书	,常温	
0066240606	,ZJ2607027594	,962607130058	,A54047960	,1	,2026-07-13 12:12:02	,2026-07-13 13:14:54	,2026-07-13 13:46:22	,2026-07-13 13:49:01	,【壹世臻选】天然和田碧玉丨冰绿猫手镯丨多样性发一丨7648	,和田玉	,未镶嵌	,"	","	",83071149	,壹世创意甄选	,6927840738576137480	,3	,否	,价格较高	,通过	,"	","	","	","	",和田玉	,"	","	","	",56.07g(含绳及签)	,---	,手镯	,个	,合格	,完好无污损	,委托检测	,社会证明作用	,验证证书	,常温	
0753995911	,ZJ2607027592	,962607130058	,A54047960	,1	,2026-07-13 12:12:02	,2026-07-13 13:14:54	,2026-07-13 13:46:22	,2026-07-13 13:47:14	,【壹世臻选】天然和田玉丨果绿美人条微带红皮丨多样性发一	,和田玉	,未镶嵌	,"	","	",83071149	,壹世创意甄选	,6954339226020222147	,3	,否	,价格较高	,通过	,"	","	","	","	",和田玉（碧玉）	,"	","	","	",27.58g(含绳及签)	,---	,手镯	,个	,合格	,完好无污损	,委托检测	,社会证明作用	,验证证书	,常温	
0334561417	,ZJ2607027734	,962607130073	,A54048232	,1	,2026-07-13 13:21:54	,2026-07-13 14:00:37	,2026-07-13 14:08:34	,2026-07-13 14:08:57	,手镯和田玉18K金镶嵌?****o多样性发一56	,和田玉	,18K金镶嵌	,"	",流程完成	,242356773	,一夕甄选Q	,6954403816177210472	,3	,否	,价格较高	,通过	,"	","	","	","	",和田玉	,18K金	,"	","	",71.39g(含绳及签)	,镶嵌配石未检	,手镯	,个	,合格	,完好无污损	,委托检测	,社会证明作用	,验证证书	,常温	
0468816009	,ZJ2607027732	,962607130073	,A54048232	,1	,2026-07-13 13:21:54	,2026-07-13 14:00:37	,2026-07-13 14:08:34	,2026-07-13 14:08:57	,18K金镶嵌手镯和田玉诺*曦多样性发一59	,和田玉	,18K金镶嵌	,"	",流程完成	,242356773	,一夕甄选Q	,6954411313026045767	,3	,否	,价格较高	,通过	,"	","	","	","	",和田玉（碧玉）	,18K金	,"	","	",57.88g(含绳及签)	,镶嵌配石未检	,手镯	,个	,合格	,完好无污损	,委托检测	,社会证明作用	,验证证书	,常温	
0871387271	,ZJ2607027679	,962607130068	,A54048392	,0	,2026-07-13 12:49:41	,2026-07-13 13:55:14	,2026-07-13 13:59:23	,2026-07-13 14:05:32	,【周年庆】18K金和田玉碧玉果绿葫芦吊坠天然玉石多样性发一D38E91	,和田玉	,18K金镶嵌	,"	","	",284301987	,一夕珠宝G	,6927885803045486293	,3	,否	,价格较高	,通过	,"	","	","	","	",和田玉（碧玉）	,18K金	,"	","	",15.80g(含链及签)	,"镶嵌配石未检,配链未检	",挂坠	,个	,合格	,完好无污损	,委托检测	,社会证明作用	,验证证书	,常温	
0586317961	,ZJ2607027675	,962607130068	,A54048392	,0	,2026-07-13 12:49:41	,2026-07-13 13:55:14	,2026-07-13 13:59:23	,2026-07-13 14:05:32	,【周年庆】Z18k金和田玉碧玉粉绿手串天然丨多样性发一	,和田玉	,18K金镶嵌	,"	","	",284301987	,一夕珠宝G	,6927889500870311439	,3	,否	,价格较高	,通过	,"	","	","	","	",和田玉（碧玉）	,"	","	","	",27.39g(含绳及签)	,"镶嵌配石未检,金属配件为18K金	",手链	,个	,合格	,完好无污损	,委托检测	,社会证明作用	,验证证书	,常温	
0619712649	,ZJ2607027731	,962607130073	,A54048232	,1	,2026-07-13 13:21:54	,2026-07-13 14:00:37	,2026-07-13 14:08:34	,2026-07-13 14:08:57	,手镯和田玉18K金镶嵌若**蓝多样性发一5859	,和田玉	,18K金镶嵌	,"	",流程完成	,242356773	,一夕甄选Q	,6927903267817094917	,3	,否	,价格较高	,通过	,"	","	","	","	",和田玉（碧玉）	,18K金	,"	","	",64.04g(含绳及签)	,镶嵌配石未检	,手镯	,个	,合格	,完好无污损	,委托检测	,社会证明作用	,验证证书	,常温	
0619950214	,ZJ2607027685	,962607130068	,A54048392	,0	,2026-07-13 12:49:41	,2026-07-13 13:55:14	,2026-07-13 13:59:23	,2026-07-13 14:05:32	,【周年庆】 18K和田玉碧玉福禄手镯 53-63圈口微带红皮多样性发一	,和田玉	,18K金镶嵌	,"	","	",284301987	,一夕珠宝G	,6954428627279157063	,3	,否	,价格较高	,通过	,"	","	","	","	",和田玉	,18K金	,"	","	",57.21g(含绳及签)	,镶嵌配石未检	,手镯	,个	,合格	,完好无污损	,委托检测	,社会证明作用	,验证证书	,常温	
0401666142	,ZJ2607027676	,962607130068	,A54048392	,0	,2026-07-13 12:49:41	,2026-07-13 13:55:14	,2026-07-13 13:59:23	,2026-07-13 14:05:32	,【高货回馈】Z18K金和田玉碧玉妈妈链项链丨多样性发一10MM	,和田玉	,18K金镶嵌	,"	","	",284301987	,一夕珠宝G	,6927889490815581546	,3	,否	,价格较高	,通过	,"	","	","	","	",和田玉（碧玉）	,"	","	","	",74.39g(含绳及签)	,"镶嵌配石未检,金属配件为18K金,扣头未检	",项链	,个	,合格	,完好无污损	,委托检测	,社会证明作用	,验证证书	,常温	
0686960777	,ZJ2607027730	,962607130073	,A54048232	,1	,2026-07-13 13:21:54	,2026-07-13 14:00:37	,2026-07-13 14:08:34	,2026-07-13 14:08:57	,手镯18K金镶嵌和田玉一*凡多样性发一	,和田玉	,18K金镶嵌	,"	",流程完成	,242356773	,一夕甄选Q	,6954411325517600004	,3	,否	,价格较高	,通过	,"	","	","	","	",和田玉（碧玉）	,18K金	,"	","	",53.57g(含绳及签)	,镶嵌配石未检	,手镯	,个	,合格	,完好无污损	,委托检测	,社会证明作用	,验证证书	,常温	
0032759944	,ZJ2607027729	,962607130073	,A54048232	,1	,2026-07-13 13:21:54	,2026-07-13 14:00:37	,2026-07-13 14:08:34	,2026-07-13 14:08:57	,和田玉18K金镶嵌手镯雪**娘多样性发一62	,和田玉	,18K金镶嵌	,"	",流程完成	,242356773	,一夕甄选Q	,6927911022455520662	,3	,否	,价格较高	,通过	,"	","	","	","	",和田玉（碧玉）	,18K金	,"	","	",63.20g(含绳及签)	,镶嵌配石未检	,手镯	,个	,合格	,完好无污损	,委托检测	,社会证明作用	,验证证书	,常温	
0670204041	,ZJ2607027671	,962607130068	,A54048392	,0	,2026-07-13 12:49:41	,2026-07-13 13:55:14	,2026-07-13 13:59:23	,2026-07-13 14:05:32	,【周年庆】18k金和田玉碧玉粉绿手串天然丨多样性发一	,和田玉	,18K金镶嵌	,"	","	",284301987	,一夕珠宝G	,6927881816498601932	,3	,否	,价格较高	,通过	,"	","	","	","	",和田玉（碧玉）	,"	","	","	",27.48g(含绳及签)	,"镶嵌配石未检,金属配件为18K金	",手链	,个	,合格	,完好无污损	,委托检测	,社会证明作用	,验证证书	,常温	
0854610055	,ZJ2607027684	,962607130068	,A54048392	,0	,2026-07-13 12:49:41	,2026-07-13 13:55:14	,2026-07-13 13:59:23	,2026-07-13 14:05:32	,【周年庆】18K金和田玉碧玉果绿葫芦吊坠天然玉石多样性发一D38E91	,和田玉	,18K金镶嵌	,"	","	",284301987	,一夕珠宝G	,6954417891858323374	,3	,否	,价格较高	,通过	,"	","	","	","	",和田玉	,18K金	,"	","	",14.97g(含链及签)	,"镶嵌配石未检,配链未检	",挂坠	,个	,合格	,完好无污损	,委托检测	,社会证明作用	,验证证书	,常温	
0066306184	,ZJ2607027728	,962607130073	,A54048232	,1	,2026-07-13 13:21:54	,2026-07-13 14:00:37	,2026-07-13 14:08:34	,2026-07-13 14:08:57	,18K金镶嵌手镯和田玉罐*多样性发一	,和田玉	,18K金镶嵌	,"	",流程完成	,242356773	,一夕甄选Q	,6954419783612371987	,3	,否	,价格较高	,通过	,"	","	","	","	",和田玉	,18K金	,"	","	",38.85g(含绳及签)	,"镶嵌配石未检,转轴部分金属未测	",手镯	,个	,合格	,完好无污损	,委托检测	,社会证明作用	,验证证书	,常温	
0955289694	,ZJ2607027680	,962607130068	,A54048392	,0	,2026-07-13 12:49:41	,2026-07-13 13:55:14	,2026-07-13 13:59:23	,2026-07-13 14:05:32	,【周年庆】Z18K金和田玉碧玉粉绿葫芦吊坠丨天然多样性发一D37E59	,和田玉	,18K金镶嵌	,"	","	",284301987	,一夕珠宝G	,6927869277277093143	,3	,否	,价格较高	,通过	,"	","	","	","	",和田玉	,18K金	,"	","	",13.14g(含链及签)	,"镶嵌配石未检,配链未检	",挂坠	,个	,合格	,完好无污损	,委托检测	,社会证明作用	,验证证书	,常温	
0569540745	,ZJ2607027674	,962607130068	,A54048392	,0	,2026-07-13 12:49:41	,2026-07-13 13:55:14	,2026-07-13 13:59:23	,2026-07-13 14:05:32	,【周年庆】Z18k金和田玉碧玉粉绿手串天然丨多样性发一	,和田玉	,18K金镶嵌	,"	","	",284301987	,一夕珠宝G	,6927901233889247022	,3	,否	,价格较高	,通过	,"	","	","	","	",和田玉（碧玉）	,"	","	","	",27.26g(含绳及签)	,"镶嵌配石未检,金属配件为18K金	",手链	,个	,合格	,完好无污损	,委托检测	,社会证明作用	,验证证书	,常温	
1022513289	,ZJ2607027735	,962607130073	,A54048232	,1	,2026-07-13 13:21:54	,2026-07-13 14:00:37	,2026-07-13 14:08:34	,2026-07-13 14:08:57	,和田玉手镯18K金镶嵌恒**院多样性发一55	,和田玉	,18K金镶嵌	,"	",流程完成	,242356773	,一夕甄选Q	,6927907754007035106	,3	,否	,价格较高	,通过	,"	","	","	","	",和田玉	,18K金	,"	","	",65.18g(含绳及签)	,镶嵌配石未检	,手镯	,个	,合格	,完好无污损	,委托检测	,社会证明作用	,验证证书	,常温	
0837857374	,ZJ2607027683	,962607130068	,A54048392	,0	,2026-07-13 12:49:41	,2026-07-13 13:55:14	,2026-07-13 13:59:23	,2026-07-13 14:05:32	,【周年庆】Z18K和田玉黄口葫芦吊坠 丨天然玉石丨多样性发一	,和田玉	,18K金镶嵌	,"	","	",284301987	,一夕珠宝G	,6927880378241547496	,3	,否	,价格较高	,通过	,"	","	","	","	",和田玉	,18K金	,"	","	",18.58g(含链及签)	,"镶嵌配石未检,配链未检	",挂坠	,个	,合格	,完好无污损	,委托检测	,社会证明作用	,验证证书	,常温	
0988844126	,ZJ2607027681	,962607130068	,A54048392	,0	,2026-07-13 12:49:41	,2026-07-13 13:55:14	,2026-07-13 13:59:23	,2026-07-13 14:05:32	,【周年庆】Z18K金和田玉碧玉粉绿葫芦吊坠丨天然多样性发一D37E59	,和田玉	,18K金镶嵌	,"	","	",284301987	,一夕珠宝G	,6954403272636896493	,3	,否	,价格较高	,通过	,"	","	","	","	",和田玉	,18K金	,"	","	",13.48g(含链及签)	,"镶嵌配石未检,配链未检	",挂坠	,个	,合格	,完好无污损	,委托检测	,社会证明作用	,验证证书	,常温	
0166785161	,ZJ2607027733	,962607130073	,A54048232	,1	,2026-07-13 13:21:54	,2026-07-13 14:00:37	,2026-07-13 14:08:34	,2026-07-13 14:08:57	,手镯和田玉18K金镶嵌魏***号多样性发一	,和田玉	,18K金镶嵌	,"	",流程完成	,242356773	,一夕甄选Q	,6927890392592776395	,3	,否	,价格较高	,通过	,"	","	","	","	",和田玉	,18K金	,"	","	",61.32g(含绳及签)	,镶嵌配石未检	,手镯	,个	,合格	,完好无污损	,委托检测	,社会证明作用	,验证证书	,常温	
0686981257	,ZJ2607027673	,962607130068	,A54048392	,0	,2026-07-13 12:49:41	,2026-07-13 13:55:14	,2026-07-13 13:59:23	,2026-07-13 14:05:32	,【周年庆】18k金和田玉碧玉粉绿手串天然丨多样性发一	,和田玉	,18K金镶嵌	,"	","	",284301987	,一夕珠宝G	,6927875556534418699	,3	,否	,价格较高	,通过	,"	","	","	","	",和田玉（碧玉）	,"	","	","	",27.25g(含绳及签)	,"镶嵌配石未检,金属配件为18K金	",手链	,个	,合格	,完好无污损	,委托检测	,社会证明作用	,验证证书	,常温	
0636739718	,ZJ2607027678	,962607130068	,A54048392	,0	,2026-07-13 12:49:41	,2026-07-13 13:55:14	,2026-07-13 13:59:23	,2026-07-13 14:05:32	,【周年庆】18K金和田玉碧玉果绿葫芦吊坠天然玉石多样性发一D38E91	,和田玉	,18K金镶嵌	,"	","	",284301987	,一夕珠宝G	,6954417870910723403	,3	,否	,价格较高	,通过	,"	","	","	","	",和田玉（碧玉）	,18K金	,"	","	",15.27g(含链及签)	,"镶嵌配石未检,配链未检	",挂坠	,个	,合格	,完好无污损	,委托检测	,社会证明作用	,验证证书	,常温	
1056006241	,ZJ2607027669	,962607130068	,A54048392	,0	,2026-07-13 12:49:41	,2026-07-13 13:55:14	,2026-07-13 13:59:23	,2026-07-13 14:05:32	,【周年庆】18k金和田玉碧玉粉绿手串天然丨多样性发一	,和田玉	,18K金镶嵌	,"	","	",284301987	,一夕珠宝G	,6954424555511223623	,3	,否	,价格较高	,通过	,"	","	","	","	",和田玉（碧玉）	,"	","	","	",27.35g(含绳及签)	,"镶嵌配石未检,金属配件为18K金	",手链	,个	,合格	,完好无污损	,委托检测	,社会证明作用	,验证证书	,常温	
0586252424	,ZJ2607027727	,962607130073	,A54048232	,1	,2026-07-13 13:21:54	,2026-07-13 14:00:37	,2026-07-13 14:08:34	,2026-07-13 14:08:57	,和田玉吊坠(赠链)18K金镶嵌多样性发一	,和田玉	,18K金镶嵌	,"	",流程完成	,242356773	,一夕甄选Q	,6927910900039384618	,3	,否	,价格较高	,通过	,"	","	","	","	",和田玉（碧玉）	,18K金	,"	","	",9.63g(含链及签)	,"镶嵌配石未检,配链未检	",挂坠	,个	,合格	,完好无污损	,委托检测	,社会证明作用	,验证证书	,常温	
0619872393	,ZJ2607027670	,962607130068	,A54048392	,0	,2026-07-13 12:49:41	,2026-07-13 13:55:14	,2026-07-13 13:59:23	,2026-07-13 14:05:32	,【周年庆】18k金和田玉碧玉粉绿手串天然丨多样性发一	,和田玉	,18K金镶嵌	,"	","	",284301987	,一夕珠宝G	,6927888739922377959	,3	,否	,价格较高	,通过	,"	","	","	","	",和田玉（碧玉）	,"	","	","	",27.26g(含绳及签)	,"镶嵌配石未检,金属配件为18K金	",手链	,个	,合格	,完好无污损	,委托检测	,社会证明作用	,验证证书	,常温	
0485634184	,ZJ2607027726	,962607130073	,A54048232	,1	,2026-07-13 13:21:54	,2026-07-13 14:00:37	,2026-07-13 14:08:34	,2026-07-13 14:08:57	,18K金镶嵌吊坠(赠链)和田玉多样性发一	,和田玉	,18K金镶嵌	,"	",流程完成	,242356773	,一夕甄选Q	,6954428502790969159	,3	,否	,价格较高	,通过	,"	","	","	","	",和田玉（碧玉）	,18K金	,"	","	",7.65g(含链及签)	,"镶嵌配石未检,配链未检	",挂坠	,个	,合格	,完好无污损	,委托检测	,社会证明作用	,验证证书	,常温	
1039384710	,ZJ2607027682	,962607130068	,A54048392	,0	,2026-07-13 12:49:41	,2026-07-13 13:55:14	,2026-07-13 13:59:23	,2026-07-13 14:05:32	,【周年庆】18K金和田玉白玉葫芦吊坠丨多样性发一	,和田玉	,18K金镶嵌	,"	","	",284301987	,一夕珠宝G	,6927885422010727786	,3	,否	,价格较高	,通过	,"	","	","	","	",和田玉	,18K金	,"	","	",24.85g(含链及签)	,"镶嵌配石未检,配链未检	",挂坠	,个	,合格	,完好无污损	,委托检测	,社会证明作用	,验证证书	,常温	
0552697992	,ZJ2607027725	,962607130073	,A54048232	,1	,2026-07-13 13:21:54	,2026-07-13 14:00:37	,2026-07-13 14:08:34	,2026-07-13 14:08:57	,和田玉吊坠(赠链)18K金镶嵌多样性发一	,和田玉	,18K金镶嵌	,"	",流程完成	,242356773	,一夕甄选Q	,6954411163109824327	,3	,否	,价格较高	,通过	,"	","	","	","	",和田玉（碧玉）	,18K金	,"	","	",9.86g(含链及签)	,"镶嵌配石未检,配链未检	",挂坠	,个	,合格	,完好无污损	,委托检测	,社会证明作用	,验证证书	,常温	
0888164487	,ZJ2607027677	,962607130068	,A54048392	,0	,2026-07-13 12:49:41	,2026-07-13 13:55:14	,2026-07-13 13:59:23	,2026-07-13 14:05:32	,【周年庆】18K金和田玉碧玉果绿葫芦吊坠天然玉石多样性发一D38E91	,和田玉	,18K金镶嵌	,"	","	",284301987	,一夕珠宝G	,6927905240882904425	,3	,否	,价格较高	,通过	,"	","	","	","	",和田玉（碧玉）	,18K金	,"	","	",15.59g(含链及签)	,"镶嵌配石未检,配链未检	",挂坠	,个	,合格	,完好无污损	,委托检测	,社会证明作用	,验证证书	,常温	
0603095177	,ZJ2607027672	,962607130068	,A54048392	,0	,2026-07-13 12:49:41	,2026-07-13 13:55:14	,2026-07-13 13:59:23	,2026-07-13 14:05:32	,【周年庆】18k金和田玉碧玉粉绿手串天然丨多样性发一	,和田玉	,18K金镶嵌	,"	","	",284301987	,一夕珠宝G	,6927886484783594991	,3	,否	,价格较高	,通过	,"	","	","	","	",和田玉（碧玉）	,"	","	","	",27.57g(含绳及签)	,"镶嵌配石未检,金属配件为18K金	",手链	,个	,合格	,完好无污损	,委托检测	,社会证明作用	,验证证书	,常温	
0603029640	,ZJ2607027724	,962607130073	,A54048232	,1	,2026-07-13 13:21:54	,2026-07-13 14:00:37	,2026-07-13 14:08:34	,2026-07-13 14:08:57	,和田玉吊坠(赠链)18K金镶嵌多样性发一	,和田玉	,18K金镶嵌	,"	",流程完成	,242356773	,一夕甄选Q	,6954417846251427200	,3	,否	,价格较高	,通过	,"	","	","	","	",和田玉（碧玉）	,18K金	,"	","	",8.34g(含链及签)	,"镶嵌配石未检,配链未检	",挂坠	,个	,合格	,完好无污损	,委托检测	,社会证明作用	,验证证书	,常温	
0468856968	,ZJ2607027723	,962607130073	,A54048232	,1	,2026-07-13 13:21:54	,2026-07-13 14:00:37	,2026-07-13 14:08:34	,2026-07-13 14:08:57	,18K金镶嵌吊坠(赠链)和田玉多样性发一	,和田玉	,18K金镶嵌	,"	",流程完成	,242356773	,一夕甄选Q	,6954419678971958291	,3	,否	,价格较高	,通过	,"	","	","	","	",和田玉（碧玉）	,18K金	,"	","	",7.39g(含链及签)	,"镶嵌配石未检,配链未检	",挂坠	,个	,合格	,完好无污损	,委托检测	,社会证明作用	,验证证书	,常温	
0032755848	,ZJ2607027722	,962607130073	,A54048232	,1	,2026-07-13 13:21:54	,2026-07-13 14:00:37	,2026-07-13 14:08:34	,2026-07-13 14:08:57	,18K金镶嵌吊坠(赠链)和田玉多样性发一	,和田玉	,18K金镶嵌	,"	",流程完成	,242356773	,一夕甄选Q	,6954419752653034515	,3	,否	,价格较高	,通过	,"	","	","	","	",和田玉	,18K金	,"	","	",18.37g(含链及签)	,"镶嵌配石未检,配链未检	",挂坠	,个	,合格	,完好无污损	,委托检测	,社会证明作用	,验证证书	,常温	
0619929736	,ZJ2607027660	,962607130067	,A54048149	,1	,2026-07-13 12:39:48	,2026-07-13 13:20:57	,2026-07-13 13:48:59	,2026-07-13 13:52:33	,18K金镶嵌吊坠(赠链)和田玉多样性发一	,和田玉	,18K金镶嵌	,"	","	",242356773	,一夕甄选Q	,6927905349456919913	,3	,否	,价格较高	,通过	,"	","	","	","	",和田玉	,18K金	,"	","	",18.96g(含链及签)	,"镶嵌配石未检,配链未检	",挂坠	,个	,合格	,完好无污损	,委托检测	,社会证明作用	,验证证书	,常温	
0150151304	,ZJ2607027663	,962607130067	,A54048149	,1	,2026-07-13 12:39:48	,2026-07-13 13:20:57	,2026-07-13 13:48:59	,2026-07-13 13:52:33	,和田玉18K金镶嵌吊坠(赠链)多样性发一	,和田玉	,18K金镶嵌	,"	","	",242356773	,一夕甄选Q	,6954406005293192222	,3	,否	,价格较高	,通过	,"	","	","	","	",和田玉	,18K金	,"	","	",25.28g(含链及签)	,"镶嵌配石未检,配链未检	",挂坠	,个	,合格	,完好无污损	,委托检测	,社会证明作用	,验证证书	,常温	
0837988445	,ZJ2607027657	,962607130067	,A54048149	,1	,2026-07-13 12:39:48	,2026-07-13 13:20:57	,2026-07-13 13:48:59	,2026-07-13 13:52:33	,【618巨献】18K和田玉粉青爱心吊坠丨多样性发一	,和田玉	,18K金镶嵌	,"	","	",242356773	,一夕甄选Q	,6954410487981414362	,3	,否	,价格较高	,通过	,"	","	","	","	",和田玉	,18K金	,"	","	",22.19g(含链及签)	,"镶嵌配石未检,配链未检	",挂坠	,个	,合格	,完好无污损	,委托检测	,社会证明作用	,验证证书	,常温	
0116629638	,ZJ2607027602	,962607130061	,A54047930	,1	,2026-07-13 12:21:08	,2026-07-13 14:05:34	,2026-07-13 14:14:59	,2026-07-13 14:17:40	,【一夕珠宝】S925和田玉苹果绿项链丨多样性发一	,和田玉	,银S925镶嵌	,"	",流程完成	,284301987	,一夕珠宝G	,6927900597839559912	,3	,否	,999	,通过	,"	","	","	","	",和田玉	,"	","	","	",18.05g(含签)	,"镶嵌配石、小桶珠未检,金属配件为银S925	",项链	,个	,合格	,完好无污损	,委托检测	,社会证明作用	,验证证书	,常温	
0049520774	,ZJ2607027601	,962607130061	,A54047930	,1	,2026-07-13 12:21:08	,2026-07-13 14:05:34	,2026-07-13 14:14:59	,2026-07-13 14:17:40	,【一夕珠宝】S925和田玉苹果绿项链丨多样性发一	,和田玉	,银S925镶嵌	,"	",流程完成	,284301987	,一夕珠宝G	,6954417862287299782	,3	,否	,999	,通过	,"	","	","	","	",和田玉	,"	","	","	",17.53g(含签)	,"镶嵌配石、小桶珠未检,金属配件为银S925	",项链	,个	,合格	,完好无污损	,委托检测	,社会证明作用	,验证证书	,常温	
0988954760	,ZJ2607027654	,962607130067	,A54048149	,1	,2026-07-13 12:39:48	,2026-07-13 13:20:57	,2026-07-13 13:48:59	,2026-07-13 13:52:33	,和田玉18K金镶嵌吊坠(赠链)多样性发一	,和田玉	,18K金镶嵌	,"	","	",242356773	,一夕甄选Q	,6927902985160982058	,3	,否	,价格较高	,通过	,"	","	","	","	",和田玉	,18K金	,"	","	",7.81g(含链及签)	,"镶嵌配石未检,配链未检	",挂坠	,个	,合格	,完好无污损	,委托检测	,社会证明作用	,验证证书	,常温	
0317747335	,ZJ2607027625	,962607130061	,A54047930	,1	,2026-07-13 12:21:08	,2026-07-13 14:05:34	,2026-07-13 14:14:59	,2026-07-13 14:17:40	,【一夕珠宝】S925银和田玉黄口葫芦吊坠 丨天然玉石丨多样性发一	,和田玉	,银S925镶嵌	,"	",流程完成	,284301987	,一夕珠宝G	,6927884579649322601	,3	,否	,价格较高	,通过	,"	","	","	","	",和田玉	,银925	,"	","	",54.10g(含链及签)	,配链未检	,挂坠	,个	,合格	,完好无污损	,委托检测	,社会证明作用	,验证证书	,常温	
1072926854	,ZJ2607027610	,962607130061	,A54047930	,1	,2026-07-13 12:21:08	,2026-07-13 14:05:34	,2026-07-13 14:14:59	,2026-07-13 14:17:40	,【一夕珠宝】S925和田玉苹果绿项链丨多样性发一	,和田玉	,银S925镶嵌	,"	",流程完成	,284301987	,一夕珠宝G	,6954422487957837043	,3	,否	,999	,通过	,"	","	","	","	",和田玉	,"	","	","	",18.00g(含签)	,"镶嵌配石、小桶珠未检,金属配件为银S925	",项链	,个	,合格	,完好无污损	,委托检测	,社会证明作用	,验证证书	,常温	
0300970119	,ZJ2607027627	,962607130061	,A54047930	,1	,2026-07-13 12:21:08	,2026-07-13 14:05:34	,2026-07-13 14:14:59	,2026-07-13 14:17:40	,【一夕珠宝】S925银和田玉黄口葫芦吊坠 丨天然玉石丨多样性发一	,和田玉	,银S925镶嵌	,"	",流程完成	,284301987	,一夕珠宝G	,6927880246659546837	,3	,否	,价格较高	,通过	,"	","	","	","	",和田玉	,银925	,"	","	",52.33g(含链及签)	,配链未检	,挂坠	,个	,合格	,完好无污损	,委托检测	,社会证明作用	,验证证书	,常温	
0116506760	,ZJ2607027667	,962607130067	,A54048149	,1	,2026-07-13 12:39:48	,2026-07-13 13:20:57	,2026-07-13 13:48:59	,2026-07-13 13:52:33	,和田玉吊坠(赠链)18K金镶嵌多样性发一	,和田玉	,18K金镶嵌	,"	","	",242356773	,一夕甄选Q	,6927887923113721568	,3	,否	,价格较高	,通过	,"	","	","	","	",和田玉	,18K金	,"	","	",9.46g(含链及签)	,"镶嵌配石未检,配链未检	",挂坠	,个	,合格	,完好无污损	,委托检测	,社会证明作用	,验证证书	,常温	
0217084039	,ZJ2607027623	,962607130061	,A54047930	,1	,2026-07-13 12:21:08	,2026-07-13 14:05:34	,2026-07-13 14:14:59	,2026-07-13 14:17:40	,【一夕珠宝】ZS925银和田玉黄口葫芦吊坠 丨天然玉石丨多样性发一	,和田玉	,银S925镶嵌	,"	",流程完成	,284301987	,一夕珠宝G	,6954408270128944848	,3	,否	,价格较高	,通过	,"	","	","	","	",和田玉	,银925	,"	","	",60.19g(含链及签)	,配链未检	,挂坠	,个	,合格	,完好无污损	,委托检测	,社会证明作用	,验证证书	,常温	
0083087500	,ZJ2607027661	,962607130067	,A54048149	,1	,2026-07-13 12:39:48	,2026-07-13 13:20:57	,2026-07-13 13:48:59	,2026-07-13 13:52:33	,【618巨献】Z18K金和田玉碧玉果绿财神吊坠丨多样性发一	,和田玉	,18K金镶嵌	,"	","	",242356773	,一夕甄选Q	,6954435809235637769	,3	,否	,价格较高	,通过	,"	","	","	","	",和田玉	,18K金	,"	","	",27.54g(含链及签)	,"镶嵌配石未检,配链未检	",挂坠	,个	,合格	,完好无污损	,委托检测	,社会证明作用	,验证证书	,常温	
0066175112	,ZJ2607027666	,962607130067	,A54048149	,1	,2026-07-13 12:39:48	,2026-07-13 13:20:57	,2026-07-13 13:48:59	,2026-07-13 13:52:33	,和田玉吊坠(赠链)18K金镶嵌多样性发一	,和田玉	,18K金镶嵌	,"	","	",242356773	,一夕甄选Q	,6927887902003920671	,3	,否	,价格较高	,通过	,"	","	","	","	",和田玉	,18K金	,"	","	",9.72g(含链及签)	,"镶嵌配石未检,配链未检	",挂坠	,个	,合格	,完好无污损	,委托检测	,社会证明作用	,验证证书	,常温	
1039372424	,ZJ2607027658	,962607130067	,A54048149	,1	,2026-07-13 12:39:48	,2026-07-13 13:20:57	,2026-07-13 13:48:59	,2026-07-13 13:52:33	,18K金镶嵌和田玉吊坠(赠链)罐*多样性发一	,和田玉	,18K金镶嵌	,"	","	",242356773	,一夕甄选Q	,6954403811062191123	,3	,否	,价格较高	,通过	,"	","	","	","	",和田玉	,18K金	,"	","	",53.26g(含链及签)	,"镶嵌配石未检,配链未检	",挂坠	,个	,合格	,完好无污损	,委托检测	,社会证明作用	,验证证书	,常温	
0099852422	,ZJ2607027609	,962607130061	,A54047930	,1	,2026-07-13 12:21:08	,2026-07-13 14:05:34	,2026-07-13 14:14:59	,2026-07-13 14:17:40	,【一夕珠宝】S925和田玉苹果绿项链丨多样性发一	,和田玉	,银S925镶嵌	,"	",流程完成	,284301987	,一夕珠宝G	,6927902978603253290	,3	,否	,999	,通过	,"	","	","	","	",和田玉	,"	","	","	",17.90g(含签)	,"镶嵌配石、小桶珠未检,金属配件为银S925	",项链	,个	,合格	,完好无污损	,委托检测	,社会证明作用	,验证证书	,常温	
0938709126	,ZJ2607027615	,962607130061	,A54047930	,1	,2026-07-13 12:21:08	,2026-07-13 14:05:34	,2026-07-13 14:14:59	,2026-07-13 14:17:40	,【一夕珠宝】S925和田玉苹果绿项链丨多样性发一	,和田玉	,银S925镶嵌	,"	",流程完成	,284301987	,一夕珠宝G	,6927890256737893417	,3	,否	,999	,通过	,"	","	","	","	",和田玉	,"	","	","	",17.39g(含签)	,"镶嵌配石、小桶珠未检,金属配件为银S925	",项链	,个	,合格	,完好无污损	,委托检测	,社会证明作用	,验证证书	,常温	
0133374088	,ZJ2607027662	,962607130067	,A54048149	,1	,2026-07-13 12:39:48	,2026-07-13 13:20:57	,2026-07-13 13:48:59	,2026-07-13 13:52:33	,和田玉18K金镶嵌吊坠(赠链)多样性发一	,和田玉	,18K金镶嵌	,"	","	",242356773	,一夕甄选Q	,6954425539428029459	,3	,否	,价格较高	,通过	,"	","	","	","	",和田玉	,18K金	,"	","	",27.42g(含链及签)	,"镶嵌配石未检,配链未检	",挂坠	,个	,合格	,完好无污损	,委托检测	,社会证明作用	,验证证书	,常温	
1005817990	,ZJ2607027614	,962607130061	,A54047930	,1	,2026-07-13 12:21:08	,2026-07-13 14:05:34	,2026-07-13 14:14:59	,2026-07-13 14:17:40	,【一夕珠宝】S925和田玉苹果绿项链丨多样性发一	,和田玉	,银S925镶嵌	,"	",流程完成	,284301987	,一夕珠宝G	,6927885778763742248	,3	,否	,999	,通过	,"	","	","	","	",和田玉	,"	","	","	",17.79g(含签)	,"镶嵌配石、小桶珠未检,金属配件为银S925	",项链	,个	,合格	,完好无污损	,委托检测	,社会证明作用	,验证证书	,常温	
0989040774	,ZJ2607027613	,962607130061	,A54047930	,1	,2026-07-13 12:21:08	,2026-07-13 14:05:34	,2026-07-13 14:14:59	,2026-07-13 14:17:40	,【一夕珠宝】S925和田玉苹果绿项链丨多样性发一	,和田玉	,银S925镶嵌	,"	",流程完成	,284301987	,一夕珠宝G	,6954426150026679447	,3	,否	,999	,通过	,"	","	","	","	",和田玉	,"	","	","	",17.76g(含签)	,"镶嵌配石、小桶珠未检,金属配件为银S925	",项链	,个	,合格	,完好无污损	,委托检测	,社会证明作用	,验证证书	,常温	
0921931910	,ZJ2607027607	,962607130061	,A54047930	,1	,2026-07-13 12:21:08	,2026-07-13 14:05:34	,2026-07-13 14:14:59	,2026-07-13 14:17:40	,【一夕珠宝】S925和田玉苹果绿项链丨多样性发一	,和田玉	,银S925镶嵌	,"	",流程完成	,284301987	,一夕珠宝G	,6927907866443742569	,3	,否	,999	,通过	,"	","	","	","	",和田玉	,"	","	","	",17.28g(含签)	,"镶嵌配石、小桶珠未检,金属配件为银S925	",项链	,个	,合格	,完好无污损	,委托检测	,社会证明作用	,验证证书	,常温	
0972177544	,ZJ2607027655	,962607130067	,A54048149	,1	,2026-07-13 12:39:48	,2026-07-13 13:20:57	,2026-07-13 13:48:59	,2026-07-13 13:52:33	,和田玉18K金镶嵌吊坠(赠链)多样性发一	,和田玉	,18K金镶嵌	,"	","	",242356773	,一夕甄选Q	,6954417812635916212	,3	,否	,价格较高	,通过	,"	","	","	","	",和田玉	,18K金	,"	","	",7.35g(含链及签)	,"镶嵌配石未检,配链未检	",挂坠	,个	,合格	,完好无污损	,委托检测	,社会证明作用	,验证证书	,常温	
0015966342	,ZJ2607027608	,962607130061	,A54047930	,1	,2026-07-13 12:21:08	,2026-07-13 14:05:34	,2026-07-13 14:14:59	,2026-07-13 14:17:40	,【一夕珠宝】S925和田玉苹果绿项链丨多样性发一	,和田玉	,银S925镶嵌	,"	",流程完成	,284301987	,一夕珠宝G	,6954426133721519964	,3	,否	,999	,通过	,"	","	","	","	",和田玉	,"	","	","	",17.69g(含签)	,"镶嵌配石、小桶珠未检,金属配件为银S925	",项链	,个	,合格	,完好无污损	,委托检测	,社会证明作用	,验证证书	,常温	
1056149638	,ZJ2607027605	,962607130061	,A54047930	,1	,2026-07-13 12:21:08	,2026-07-13 14:05:34	,2026-07-13 14:14:59	,2026-07-13 14:17:40	,【一夕珠宝】S925和田玉苹果绿项链丨多样性发一	,和田玉	,银S925镶嵌	,"	",流程完成	,284301987	,一夕珠宝G	,6954426161722430591	,3	,否	,999	,通过	,"	","	","	","	",和田玉	,"	","	","	",17.65g(含签)	,"镶嵌配石、小桶珠未检,金属配件为银S925	",项链	,个	,合格	,完好无污损	,委托检测	,社会证明作用	,验证证书	,常温	
0435302536	,ZJ2607027656	,962607130067	,A54048149	,1	,2026-07-13 12:39:48	,2026-07-13 13:20:57	,2026-07-13 13:48:59	,2026-07-13 13:52:33	,18K金镶嵌吊坠(赠链)和田玉多样性发一	,和田玉	,18K金镶嵌	,"	","	",242356773	,一夕甄选Q	,6954400045787517986	,3	,否	,价格较高	,通过	,"	","	","	","	",和田玉	,18K金	,"	","	",7.65g(含链及签)	,"镶嵌配石未检,配链未检	",挂坠	,个	,合格	,完好无污损	,委托检测	,社会证明作用	,验证证书	,常温	
0032743558	,ZJ2607027606	,962607130061	,A54047930	,1	,2026-07-13 12:21:08	,2026-07-13 14:05:34	,2026-07-13 14:14:59	,2026-07-13 14:17:40	,【一夕珠宝】S925和田玉苹果绿项链丨多样性发一	,和田玉	,银S925镶嵌	,"	",流程完成	,284301987	,一夕珠宝G	,6954417852815119982	,3	,否	,999	,通过	,"	","	","	","	",和田玉	,"	","	","	",17.61g(含签)	,"镶嵌配石、小桶珠未检,金属配件为银S925	",项链	,个	,合格	,完好无污损	,委托检测	,社会证明作用	,验证证书	,常温	
1039372422	,ZJ2607027612	,962607130061	,A54047930	,1	,2026-07-13 12:21:08	,2026-07-13 14:05:34	,2026-07-13 14:14:59	,2026-07-13 14:17:40	,【一夕珠宝】S925和田玉苹果绿项链丨多样性发一	,和田玉	,银S925镶嵌	,"	",流程完成	,284301987	,一夕珠宝G	,6954400054913406761	,3	,否	,999	,通过	,"	","	","	","	",和田玉	,"	","	","	",18.30g(含签)	,"镶嵌配石、小桶珠未检,金属配件为银S925	",项链	,个	,合格	,完好无污损	,委托检测	,社会证明作用	,验证证书	,常温	
0569475208	,ZJ2607027665	,962607130067	,A54048149	,1	,2026-07-13 12:39:48	,2026-07-13 13:20:57	,2026-07-13 13:48:59	,2026-07-13 13:52:33	,和田玉吊坠(赠链)18K金镶嵌多样性发一	,和田玉	,18K金镶嵌	,"	","	",242356773	,一夕甄选Q	,6927902945173601780	,3	,否	,价格较高	,通过	,"	","	","	","	",和田玉	,18K金	,"	","	",9.06g(含链及签)	,"镶嵌配石未检,配链未检	",挂坠	,个	,合格	,完好无污损	,委托检测	,社会证明作用	,验证证书	,常温	
0905154694	,ZJ2607027603	,962607130061	,A54047930	,1	,2026-07-13 12:21:08	,2026-07-13 14:05:34	,2026-07-13 14:14:59	,2026-07-13 14:17:40	,【一夕珠宝】S925和田玉苹果绿项链丨多样性发一	,和田玉	,银S925镶嵌	,"	",流程完成	,284301987	,一夕珠宝G	,6954411401783678585	,3	,否	,999	,通过	,"	","	","	","	",和田玉	,"	","	","	",15.50g(含签)	,"镶嵌配石、小桶珠未检,金属配件为银S925	",项链	,个	,合格	,完好无污损	,委托检测	,社会证明作用	,验证证书	,常温	
0888381533	,ZJ2607027618	,962607130061	,A54047930	,1	,2026-07-13 12:21:08	,2026-07-13 14:05:34	,2026-07-13 14:14:59	,2026-07-13 14:17:40	,【周年庆】ZS925银天然和田玉碧玉果绿爱心女款吊坠丨多样性发一	,和田玉	,银S925镶嵌	,"	",流程完成	,284301987	,一夕珠宝G	,6954388406565934891	,3	,否	,299	,通过	,"	","	","	","	",和田玉	,银925	,"	","	",7.10g(含链及签)	,配链未检	,挂坠	,个	,合格	,完好无污损	,委托检测	,社会证明作用	,验证证书	,常温	
0586375304	,ZJ2607027659	,962607130067	,A54048149	,1	,2026-07-13 12:39:48	,2026-07-13 13:20:57	,2026-07-13 13:48:59	,2026-07-13 13:52:33	,18K金镶嵌吊坠(赠链)和田玉多样性发一	,和田玉	,18K金镶嵌	,"	","	",242356773	,一夕甄选Q	,6954406065801008147	,3	,否	,价格较高	,通过	,"	","	","	","	",和田玉	,18K金	,"	","	",18.08g(含链及签)	,"镶嵌配石未检,配链未检	",挂坠	,个	,合格	,完好无污损	,委托检测	,社会证明作用	,验证证书	,常温	
0334524551	,ZJ2607027619	,962607130061	,A54047930	,1	,2026-07-13 12:21:08	,2026-07-13 14:05:34	,2026-07-13 14:14:59	,2026-07-13 14:17:40	,【一夕珠宝】S925银和田玉黄口葫芦吊坠 丨天然玉石丨多样性发一	,和田玉	,银S925镶嵌	,"	",流程完成	,284301987	,一夕珠宝G	,6927886676182269865	,3	,否	,价格较高	,通过	,"	","	","	","	",和田玉	,银925	,"	","	",54.03g(含链及签)	,配链未检	,挂坠	,个	,合格	,完好无污损	,委托检测	,社会证明作用	,验证证书	,常温	
0804376712	,ZJ2607027668	,962607130067	,A54048149	,1	,2026-07-13 12:39:48	,2026-07-13 13:20:57	,2026-07-13 13:48:59	,2026-07-13 13:52:33	,和田玉18K金镶嵌吊坠(赠链)多样性发一	,和田玉	,18K金镶嵌	,"	","	",242356773	,一夕甄选Q	,6954411189454575373	,3	,否	,价格较高	,通过	,"	","	","	","	",和田玉	,18K金	,"	","	",10.33g(含链及签)	,"镶嵌配石未检,配链未检	",挂坠	,个	,合格	,完好无污损	,委托检测	,社会证明作用	,验证证书	,常温	
0267415687	,ZJ2607027621	,962607130061	,A54047930	,1	,2026-07-13 12:21:08	,2026-07-13 14:05:34	,2026-07-13 14:14:59	,2026-07-13 14:17:40	,【一夕珠宝】ZS925银和田玉黄口葫芦吊坠 丨天然玉石丨多样性发一	,和田玉	,银S925镶嵌	,"	",流程完成	,284301987	,一夕珠宝G	,6954417241719444571	,3	,否	,价格较高	,通过	,"	","	","	","	",和田玉	,银925	,"	","	",49.99g(含链及签)	,配链未检	,挂坠	,个	,合格	,完好无污损	,委托检测	,社会证明作用	,验证证书	,常温	
0066297990	,ZJ2607027611	,962607130061	,A54047930	,1	,2026-07-13 12:21:08	,2026-07-13 14:05:34	,2026-07-13 14:14:59	,2026-07-13 14:17:40	,【一夕珠宝】S925和田玉苹果绿项链丨多样性发一	,和田玉	,银S925镶嵌	,"	",流程完成	,284301987	,一夕珠宝G	,6927881082155466527	,3	,否	,999	,通过	,"	","	","	","	",和田玉	,"	","	","	",15.62g(含签)	,"镶嵌配石、小桶珠未检,金属配件为银S925	",项链	,个	,合格	,完好无污损	,委托检测	,社会证明作用	,验证证书	,常温	
0200380552	,ZJ2607027664	,962607130067	,A54048149	,1	,2026-07-13 12:39:48	,2026-07-13 13:20:57	,2026-07-13 13:48:59	,2026-07-13 13:52:33	,和田玉吊坠(赠链)18K金镶嵌多样性发一	,和田玉	,18K金镶嵌	,"	","	",242356773	,一夕甄选Q	,6954425457400091667	,3	,否	,价格较高	,通过	,"	","	","	","	",和田玉	,18K金	,"	","	",9.38g(含链及签)	,"镶嵌配石未检,配链未检	",挂坠	,个	,合格	,完好无污损	,委托检测	,社会证明作用	,验证证书	,常温	
0972263558	,ZJ2607027616	,962607130061	,A54047930	,1	,2026-07-13 12:21:08	,2026-07-13 14:05:34	,2026-07-13 14:14:59	,2026-07-13 14:17:40	,【一夕珠宝】S925和田玉苹果绿项链丨多样性发一	,和田玉	,银S925镶嵌	,"	",流程完成	,284301987	,一夕珠宝G	,6927903037592403305	,3	,否	,999	,通过	,"	","	","	","	",和田玉	,"	","	","	",17.89g(含签)	,"镶嵌配石、小桶珠未检,金属配件为银S925	",项链	,个	,合格	,完好无污损	,委托检测	,社会证明作用	,验证证书	,常温	
0636715142	,ZJ2607027617	,962607130061	,A54047930	,1	,2026-07-13 12:21:08	,2026-07-13 14:05:34	,2026-07-13 14:14:59	,2026-07-13 14:17:40	,【周年庆】S925丨和田玉四方平安镯 53-61丨多样性发一	,和田玉	,银S925镶嵌	,"	",流程完成	,284301987	,一夕珠宝G	,6954411056558904339	,3	,否	,价格较高	,通过	,"	","	","	","	",和田玉	,银925	,"	","	",50.09g(含签)	,镶嵌配石未检	,手镯	,个	,合格	,完好无污损	,委托检测	,社会证明作用	,验证证书	,常温	
1022595206	,ZJ2607027604	,962607130061	,A54047930	,1	,2026-07-13 12:21:08	,2026-07-13 14:05:34	,2026-07-13 14:14:59	,2026-07-13 14:17:40	,【一夕珠宝】S925和田玉苹果绿项链丨多样性发一	,和田玉	,银S925镶嵌	,"	",流程完成	,284301987	,一夕珠宝G	,6954403771041190942	,3	,否	,999	,通过	,"	","	","	","	",和田玉	,"	","	","	",15.59g(含签)	,"镶嵌配石、小桶珠未检,金属配件为银S925	",项链	,个	,合格	,完好无污损	,委托检测	,社会证明作用	,验证证书	,常温	
1039175772	,ZJ2607027569	,962607130056	,A54045785	,1	,2026-07-13 12:03:27	,2026-07-13 13:18:08	,2026-07-13 13:44:18	,2026-07-13 13:46:15	,云丹拉姆丨QG至纯五眼闪天珠手串多样性发其一	,玛瑙/玉髓（覆膜）	,未镶嵌	,"	",流程完成	,251816647	,云丹珠宝	,6927852021470625350	,5.7	,否	,218	,通过	,"	","	","	","	",玛瑙	,"	","	","	",14.28g(含绳及签)	,"另配珍珠,镶嵌配石未检,金属未测,尾珠未检	",手链	,个	,合格	,完好无污损	,委托检测	,社会证明作用	,验证证书	,常温	
0200314972	,ZJ2607027575	,962607130056	,A54045785	,1	,2026-07-13 12:03:27	,2026-07-13 13:18:08	,2026-07-13 13:44:18	,2026-07-13 13:46:15	,云丹拉姆丨红肉达洛多宝手串多样性发其一	,玛瑙/玉髓（覆膜）	,未镶嵌	,"	",流程完成	,251816647	,云丹珠宝	,6954373205437912341	,5.7	,否	,599	,通过	,"	","	","	","	",玛瑙（覆膜）	,"	","	","	",39.80g(含签)	,金属未测	,手链	,个	,合格	,完好无污损	,委托检测	,社会证明作用	,验证证书	,常温	
0972062812	,ZJ2607027574	,962607130056	,A54045785	,1	,2026-07-13 12:03:27	,2026-07-13 13:18:08	,2026-07-13 13:44:18	,2026-07-13 13:46:15	,云丹拉姆丨红肉达洛多宝手串多样性发其一	,玛瑙/玉髓（覆膜）	,未镶嵌	,"	",流程完成	,251816647	,云丹珠宝	,6927858695643954468	,5.7	,否	,599	,通过	,"	","	","	","	",玛瑙（覆膜）	,"	","	","	",39.80g(含签)	,金属未测	,手链	,个	,合格	,完好无污损	,委托检测	,社会证明作用	,验证证书	,常温	
1056141449	,ZJ2607027525	,962607130050	,A54047973	,1	,2026-07-13 11:51:37	,2026-07-13 13:25:05	,2026-07-13 13:53:02	,2026-07-13 13:54:17	,【一夕珠宝】和田玉多宝手串丨多样性发一	,和田玉	,未镶嵌	,"	","	",284301987	,一夕珠宝G	,6927882275043048931	,3	,否	,899	,通过	,"	","	","	","	",和田玉	,"	","	","	",45.97g(含绳及签)	,金属未测	,手链	,个	,合格	,完好无污损	,委托检测	,社会证明作用	,验证证书	,常温	
0535941255	,ZJ2607027523	,962607130050	,A54047973	,1	,2026-07-13 11:51:37	,2026-07-13 13:25:05	,2026-07-13 13:53:02	,2026-07-13 13:54:17	,【周年庆】和田玉且末蓝方镯手镯丨52-59圈口多样性发一	,和田玉	,未镶嵌	,"	","	",284301987	,一夕珠宝G	,6927908024625430319	,3	,否	,价格较高	,通过	,"	","	","	","	",和田玉	,"	","	","	",70.48g(含绳及签)	,---	,手镯	,个	,合格	,完好无污损	,委托检测	,社会证明作用	,验证证书	,常温	
0032546908	,ZJ2607027576	,962607130056	,A54045785	,1	,2026-07-13 12:03:27	,2026-07-13 13:18:08	,2026-07-13 13:44:18	,2026-07-13 13:46:15	,云丹拉姆丨TY断珠药师天珠手串多样性发其一	,玛瑙/玉髓（覆膜）	,未镶嵌	,"	",流程完成	,251816647	,云丹珠宝	,6954384601383310973	,5.7	,否	,299	,通过	,"	","	","	","	",玛瑙	,"	","	","	",34.61g(含签)	,隔珠未检	,手链	,个	,合格	,完好无污损	,委托检测	,社会证明作用	,验证证书	,常温	
0183746694	,ZJ2607027524	,962607130050	,A54047973	,1	,2026-07-13 11:51:37	,2026-07-13 13:25:05	,2026-07-13 13:53:02	,2026-07-13 13:54:17	,【瓷蓝猫眼★周年庆】和田玉粉青手镯丨53-60圈口 多样性发一	,和田玉	,未镶嵌	,"	","	",284301987	,一夕珠宝G	,6954435537856239424	,3	,否	,价格较高	,通过	,"	","	","	","	",和田玉	,"	","	","	",61.40g(含绳及签)	,---	,手镯	,个	,合格	,完好无污损	,委托检测	,社会证明作用	,验证证书	,常温	
0502452359	,ZJ2607027513	,962607130050	,A54047973	,1	,2026-07-13 11:51:37	,2026-07-13 13:25:05	,2026-07-13 13:53:02	,2026-07-13 13:54:17	,【一夕珠宝】和田玉碧玉手镯丨53-63圈口多样性发一	,和田玉	,未镶嵌	,"	","	",284301987	,一夕珠宝G	,6927883091674103135	,3	,否	,价格较高	,通过	,"	","	","	","	",和田玉（碧玉）	,"	","	","	",73.69g(含绳及签)	,---	,手镯	,个	,合格	,完好无污损	,委托检测	,社会证明作用	,验证证书	,常温	
0233869404	,ZJ2607027577	,962607130056	,A54045785	,1	,2026-07-13 12:03:27	,2026-07-13 13:18:08	,2026-07-13 13:44:18	,2026-07-13 13:46:15	,云丹拉姆丨ty黑白药师莲师九眼天珠玛瑙手串多样性发其一	,玛瑙/玉髓（覆膜）	,未镶嵌	,"	",流程完成	,251816647	,云丹珠宝	,6954359911131714576	,5.7	,否	,299	,通过	,"	","	","	","	",玛瑙	,"	","	","	",19.25g(含签)	,"镶嵌配石未检,金属未测	",手链	,个	,合格	,完好无污损	,委托检测	,社会证明作用	,验证证书	,常温	
0485675143	,ZJ2607027510	,962607130050	,A54047973	,1	,2026-07-13 11:51:37	,2026-07-13 13:25:05	,2026-07-13 13:53:02	,2026-07-13 13:54:17	,【一夕珠宝】和田玉碧玉手镯丨53-63圈口多样性发一	,和田玉	,未镶嵌	,"	","	",284301987	,一夕珠宝G	,6954415463740741352	,3	,否	,价格较高	,通过	,"	","	","	","	",和田玉（碧玉）	,"	","	","	",77.19g(含绳及签)	,---	,手镯	,个	,合格	,完好无污损	,委托检测	,社会证明作用	,验证证书	,常温	
0787579015	,ZJ2607027520	,962607130050	,A54047973	,1	,2026-07-13 11:51:37	,2026-07-13 13:25:05	,2026-07-13 13:53:02	,2026-07-13 13:54:17	,【一夕珠宝】和田玉碧玉果绿圆条手镯丨 50-63圈口多样性发一	,和田玉	,未镶嵌	,"	","	",284301987	,一夕珠宝G	,6954390632594609182	,3	,否	,价格较高	,通过	,"	","	","	","	",和田玉（碧玉）	,"	","	","	",22.62g(含绳及签)	,---	,手镯	,个	,合格	,完好无污损	,委托检测	,社会证明作用	,验证证书	,常温	
0653279381	,ZJ2607027518	,962607130050	,A54047973	,1	,2026-07-13 11:51:37	,2026-07-13 13:25:05	,2026-07-13 13:53:02	,2026-07-13 13:54:17	,【一夕珠宝】和田玉碧玉果绿圆条手镯丨 50-63圈口多样性发一	,和田玉	,未镶嵌	,"	","	",284301987	,一夕珠宝G	,6954401993401112185	,3	,否	,价格较高	,通过	,"	","	","	","	",和田玉（碧玉）	,"	","	","	",29.63g(含绳及签)	,---	,手镯	,个	,合格	,完好无污损	,委托检测	,社会证明作用	,验证证书	,常温	
0753963100	,ZJ2607027570	,962607130056	,A54045785	,1	,2026-07-13 12:03:27	,2026-07-13 13:18:08	,2026-07-13 13:44:18	,2026-07-13 13:46:15	," 云丹拉姆丨西瓜阿呆天珠手串多样性发其一	",玛瑙/玉髓（覆膜）	,未镶嵌	,"	",流程完成	,251816647	,云丹珠宝	,6927798010820657012	,5.7	,否	,299	,通过	,"	","	","	","	",玛瑙	,"	","	","	",36.10g(含签)	,"嵌宝工艺配石未检,镶嵌配石未检,金属未测	",手链	,个	,合格	,完好无污损	,委托检测	,社会证明作用	,验证证书	,常温	
0351297677	,ZJ2607027515	,962607130050	,A54047973	,1	,2026-07-13 11:51:37	,2026-07-13 13:25:05	,2026-07-13 13:53:02	,2026-07-13 13:54:17	,【一夕珠宝】和田玉碧玉手镯丨53-63圈口多样性发一	,和田玉	,未镶嵌	,"	","	",284301987	,一夕珠宝G	,6954430812183729207	,3	,否	,价格较高	,通过	,"	","	","	","	",和田玉（碧玉）	,"	","	","	",45.96g(含绳及签)	,---	,手镯	,个	,合格	,完好无污损	,委托检测	,社会证明作用	,验证证书	,常温	
0217092188	,ZJ2607027572	,962607130056	,A54045785	,1	,2026-07-13 12:03:27	,2026-07-13 13:18:08	,2026-07-13 13:44:18	,2026-07-13 13:46:15	,云丹拉姆丨XL红肉达洛多宝天珠手串多样性发其一约15.11	,玛瑙/玉髓（覆膜）	,未镶嵌	,"	",流程完成	,251816647	,云丹珠宝	,6954375357912323418	,5.7	,否	,260	,通过	,"	","	","	","	",玛瑙	,"	","	","	",32.45g(含签)	,"紫色配石未检,金属未测	",手链	,个	,合格	,完好无污损	,委托检测	,社会证明作用	,验证证书	,常温	
0200421511	,ZJ2607027514	,962607130050	,A54047973	,1	,2026-07-13 11:51:37	,2026-07-13 13:25:05	,2026-07-13 13:53:02	,2026-07-13 13:54:17	,【一夕珠宝】和田玉碧玉手镯丨53-63圈口多样性发一	,和田玉	,未镶嵌	,"	","	",284301987	,一夕珠宝G	,6927900631819255225	,3	,否	,价格较高	,通过	,"	","	","	","	",和田玉（碧玉）	,"	","	","	",60.67g(含绳及签)	,---	,手镯	,个	,合格	,完好无污损	,委托检测	,社会证明作用	,验证证书	,常温	
0871608466	,ZJ2607027522	,962607130050	,A54047973	,1	,2026-07-13 11:51:37	,2026-07-13 13:25:05	,2026-07-13 13:53:02	,2026-07-13 13:54:17	,【周年庆】和田玉且末蓝方镯手镯丨52-59圈口多样性发一	,和田玉	,未镶嵌	,"	","	",284301987	,一夕珠宝G	,6927879938540797364	,3	,否	,价格较高	,通过	,"	","	","	","	",和田玉	,"	","	","	",45.45g(含绳及签)	,---	,手镯	,个	,合格	,完好无污损	,委托检测	,社会证明作用	,验证证书	,常温	
0250646620	,ZJ2607027573	,962607130056	,A54045785	,1	,2026-07-13 12:03:27	,2026-07-13 13:18:08	,2026-07-13 13:44:18	,2026-07-13 13:46:15	,云丹拉姆丨XL红肉达洛多宝天珠手串多样性发其一约15.11	,玛瑙/玉髓（覆膜）	,未镶嵌	,"	",流程完成	,251816647	,云丹珠宝	,6927847404736577326	,5.7	,否	,260	,通过	,"	","	","	","	",玛瑙	,"	","	","	",33.10g(含签)	,"紫色配石未检,金属未测	",手链	,个	,合格	,完好无污损	,委托检测	,社会证明作用	,验证证书	,常温	
0183537756	,ZJ2607027571	,962607130056	,A54045785	,1	,2026-07-13 12:03:27	,2026-07-13 13:18:08	,2026-07-13 13:44:18	,2026-07-13 13:46:15	,云丹拉姆丨天然蚕丝玛瑙药师手串多样性发其一	,玛瑙/玉髓（覆膜）	,未镶嵌	,"	",流程完成	,251816647	,云丹珠宝	,6927849391033318791	,5.7	,否	,188	,通过	,"	","	","	","	",玛瑙	,"	","	","	",28.46g(含签)	,金属未测	,手链	,个	,合格	,完好无污损	,委托检测	,社会证明作用	,验证证书	,常温	
0435204243	,ZJ2607027521	,962607130050	,A54047973	,1	,2026-07-13 11:51:37	,2026-07-13 13:25:05	,2026-07-13 13:53:02	,2026-07-13 13:54:17	,【周年庆】Z和田玉黄口轮胎手镯丨52-58圈口 多样性发一	,和田玉	,未镶嵌	,"	","	",284301987	,一夕珠宝G	,6954408284713850137	,3	,否	,价格较高	,通过	,"	","	","	","	",和田玉	,"	","	","	",57.90g(含绳及签)	,---	,手镯	,个	,合格	,完好无污损	,委托检测	,社会证明作用	,验证证书	,常温	
0888291463	,ZJ2607027516	,962607130050	,A54047973	,1	,2026-07-13 11:51:37	,2026-07-13 13:25:05	,2026-07-13 13:53:02	,2026-07-13 13:54:17	,【一夕珠宝】和田玉碧玉手镯丨53-63圈口多样性发一	,和田玉	,未镶嵌	,"	","	",284301987	,一夕珠宝G	,6954403620546614461	,3	,否	,价格较高	,通过	,"	","	","	","	",和田玉（碧玉）	,"	","	","	",51.25g(含绳及签)	,---	,手镯	,个	,合格	,完好无污损	,委托检测	,社会证明作用	,验证证书	,常温	
0049393799	,ZJ2607027519	,962607130050	,A54047973	,1	,2026-07-13 11:51:37	,2026-07-13 13:25:05	,2026-07-13 13:53:02	,2026-07-13 13:54:17	,【一夕珠宝】和田玉碧玉果绿圆条手镯丨 50-63圈口多样性发一	,和田玉	,未镶嵌	,"	","	",284301987	,一夕珠宝G	,6927880955007565440	,3	,否	,价格较高	,通过	,"	","	","	","	",和田玉（碧玉）	,"	","	","	",31.69g(含绳及签)	,---	,手镯	,个	,合格	,完好无污损	,委托检测	,社会证明作用	,验证证书	,常温	
0452038791	,ZJ2607027517	,962607130050	,A54047973	,1	,2026-07-13 11:51:37	,2026-07-13 13:25:05	,2026-07-13 13:53:02	,2026-07-13 13:54:17	,【一夕珠宝】和田玉碧玉果绿圆条手镯丨 50-63圈口多样性发一	,和田玉	,未镶嵌	,"	","	",284301987	,一夕珠宝G	,6954422341838640512	,3	,否	,价格较高	,通过	,"	","	","	","	",和田玉（碧玉）	,"	","	","	",32.03g(含绳及签)	,---	,手镯	,个	,合格	,完好无污损	,委托检测	,社会证明作用	,验证证书	,常温	
0485646471	,ZJ2607027511	,962607130050	,A54047973	,1	,2026-07-13 11:51:37	,2026-07-13 13:25:05	,2026-07-13 13:53:02	,2026-07-13 13:54:17	,【一夕珠宝】和田玉碧玉手镯丨53-63圈口多样性发一	,和田玉	,未镶嵌	,"	","	",284301987	,一夕珠宝G	,6954425914461459476	,3	,否	,价格较高	,通过	,"	","	","	","	",和田玉（碧玉）	,"	","	","	",61.54g(含绳及签)	,---	,手镯	,个	,合格	,完好无污损	,委托检测	,社会证明作用	,验证证书	,常温	
0703750279	,ZJ2607027512	,962607130050	,A54047973	,1	,2026-07-13 11:51:37	,2026-07-13 13:25:05	,2026-07-13 13:53:02	,2026-07-13 13:54:17	,【一夕珠宝】和田玉碧玉手镯丨53-63圈口多样性发一	,和田玉	,未镶嵌	,"	","	",284301987	,一夕珠宝G	,6927883122636127925	,3	,否	,价格较高	,通过	,"	","	","	","	",和田玉（碧玉）	,"	","	","	",59.40g(含绳及签)	,---	,手镯	,个	,合格	,完好无污损	,委托检测	,社会证明作用	,验证证书	,常温	
0351309916	,ZJ2607027537	,962607130053	,A54045566	,1	,2026-07-13 11:57:10	,2026-07-13 12:15:34	,2026-07-13 13:28:24	,2026-07-13 13:28:39	,云丹拉姆丨MH红肉【巨无霸超级大】达洛单珠多样性发其一	,玛瑙/玉髓	,未镶嵌	,"	",流程完成	,251816647	,云丹珠宝	,6927806794823531682	,3.8	,否	,399	,通过	,"	","	","	","玉髓,玛瑙	",玛瑙	,"	","	","	",8.16g	,---	,饰品	,个	,合格	,完好无污损	,委托检测	,社会证明作用	,验证证书	,常温	
0082874460	,ZJ2607027545	,962607130053	,A54045566	,1	,2026-07-13 11:57:10	,2026-07-13 12:15:34	,2026-07-13 13:28:24	,2026-07-13 13:28:39	,云丹拉姆丨红肉八宝瓶天珠锁骨链多样性发其一约13*39	,玛瑙/玉髓（覆膜）	,未镶嵌	,"	",流程完成	,251816647	,云丹珠宝	,6954346267749455740	,3.8	,否	,399	,通过	,"	","	","	","	",玛瑙	,"	","	","	",16.02g(含绳及签)	,检测结论仅针对大桶珠	,挂坠	,个	,合格	,完好无污损	,委托检测	,社会证明作用	,验证证书	,常温	
0099651676	,ZJ2607027546	,962607130053	,A54045566	,1	,2026-07-13 11:57:10	,2026-07-13 12:15:34	,2026-07-13 13:28:24	,2026-07-13 13:28:39	,云丹拉姆丨红肉八宝瓶天珠锁骨链多样性发其一约13*39	,玛瑙/玉髓（覆膜）	,未镶嵌	,"	",流程完成	,251816647	,云丹珠宝	,6954341448074138943	,3.8	,否	,399	,通过	,"	","	","	","	",玛瑙	,"	","	","	",16.32g(含绳及签)	,检测结论仅针对大桶珠	,挂坠	,个	,合格	,完好无污损	,委托检测	,社会证明作用	,验证证书	,常温	
0334532700	,ZJ2607027538	,962607130053	,A54045566	,1	,2026-07-13 11:57:10	,2026-07-13 12:15:34	,2026-07-13 13:28:24	,2026-07-13 13:28:39	,云丹拉姆丨MH红肉【巨无霸超级大】达洛单珠多样性发其一	,玛瑙/玉髓	,未镶嵌	,"	",流程完成	,251816647	,云丹珠宝	,6927800303415950452	,3.8	,否	,399	,通过	,"	","	","	","玉髓,玛瑙	",玛瑙	,"	","	","	",11.84g(含绳)	,"镶嵌配石未检,金属未测	",挂坠	,个	,合格	,完好无污损	,委托检测	,社会证明作用	,验证证书	,常温	
0116428892	,ZJ2607027543	,962607130053	,A54045566	,1	,2026-07-13 11:57:10	,2026-07-13 12:15:34	,2026-07-13 13:28:24	,2026-07-13 13:28:39	,云丹拉姆丨红肉八宝瓶天珠锁骨链多样性发其一约13*39	,玛瑙/玉髓（覆膜）	,未镶嵌	,"	",流程完成	,251816647	,云丹珠宝	,6954322172806239315	,3.8	,否	,399	,通过	,"	","	","	","	",玛瑙	,"	","	","	",16.41g(含绳及签)	,检测结论仅针对大桶珠	,挂坠	,个	,合格	,完好无污损	,委托检测	,社会证明作用	,验证证书	,常温	
0149983324	,ZJ2607027544	,962607130053	,A54045566	,1	,2026-07-13 11:57:10	,2026-07-13 12:15:34	,2026-07-13 13:28:24	,2026-07-13 13:28:39	,云丹拉姆丨红肉八宝瓶天珠锁骨链多样性发其一约13*39	,玛瑙/玉髓（覆膜）	,未镶嵌	,"	",流程完成	,251816647	,云丹珠宝	,6954322156138665160	,3.8	,否	,399	,通过	,"	","	","	","	",玛瑙	,"	","	","	",16.42g(含绳及签)	,检测结论仅针对大桶珠	,挂坠	,个	,合格	,完好无污损	,委托检测	,社会证明作用	,验证证书	,常温	
1056075911	,ZJ2607027689	,962607130069	,A54047943	,1	,2026-07-13 12:52:44	,2026-07-13 13:28:01	,2026-07-13 13:36:40	,2026-07-13 13:39:52	,【一夕珠宝】和田玉碧玉手镯丨53-63圈口多样性发一	,和田玉	,未镶嵌	,"	","	",284301987	,一夕珠宝G	,6954417755931022670	,3	,否	,价格较高	,通过	,"	","	","	","	",和田玉（碧玉）	,"	","	","	",52.73g(含绳及签)	,---	,手镯	,个	,合格	,完好无污损	,委托检测	,社会证明作用	,验证证书	,常温	
0032718990	,ZJ2607027695	,962607130069	,A54047943	,1	,2026-07-13 12:52:44	,2026-07-13 13:28:01	,2026-07-13 13:36:40	,2026-07-13 13:39:52	,【周年庆】和田玉烟紫手镯丨53-61圈口多样性发一	,和田玉	,未镶嵌	,"	","	",284301987	,一夕珠宝G	,6954399347823023939	,3	,否	,价格较高	,通过	,"	","	","	","	",和田玉	,"	","	","	",53.46g(含绳及签)	,---	,手镯	,个	,合格	,完好无污损	,委托检测	,社会证明作用	,验证证书	,常温	
0133206108	,ZJ2607027542	,962607130053	,A54045566	,1	,2026-07-13 11:57:10	,2026-07-13 12:15:34	,2026-07-13 13:28:24	,2026-07-13 13:28:39	,云丹拉姆丨红肉八宝瓶天珠锁骨链多样性发其一约13*39	,玛瑙/玉髓（覆膜）	,未镶嵌	,"	",流程完成	,251816647	,云丹珠宝	,6927809137873354692	,3.8	,否	,399	,通过	,"	","	","	","	",玛瑙	,"	","	","	",15.58g(含绳及签)	,检测结论仅针对大桶珠	,挂坠	,个	,合格	,完好无污损	,委托检测	,社会证明作用	,验证证书	,常温	
0468897927	,ZJ2607027690	,962607130069	,A54047943	,1	,2026-07-13 12:52:44	,2026-07-13 13:28:01	,2026-07-13 13:36:40	,2026-07-13 13:39:52	,【一夕珠宝】和田玉碧玉手镯丨53-63圈口多样性发一	,和田玉	,未镶嵌	,"	","	",284301987	,一夕珠宝G	,6927874486246407945	,3	,否	,价格较高	,通过	,"	","	","	","	",和田玉（碧玉）	,"	","	","	",61.10g(含绳及签)	,---	,手镯	,个	,合格	,完好无污损	,委托检测	,社会证明作用	,验证证书	,常温	
0703627356	,ZJ2607027540	,962607130053	,A54045566	,1	,2026-07-13 11:57:10	,2026-07-13 12:15:34	,2026-07-13 13:28:24	,2026-07-13 13:28:39	,云丹拉姆 MH红肉息增天珠项链多样性发其一约54*13	,玛瑙/玉髓（覆膜）	,未镶嵌	,"	",流程完成	,251816647	,云丹珠宝	,6954375449936991444	,3.8	,否	,499	,通过	,"	","	","	","	",玛瑙	,"	","	","	",28.52g(含绳及签)	,检测结论仅针对大桶珠	,挂坠	,个	,合格	,完好无污损	,委托检测	,社会证明作用	,验证证书	,常温	
0905068679	,ZJ2607027687	,962607130069	,A54047943	,1	,2026-07-13 12:52:44	,2026-07-13 13:28:01	,2026-07-13 13:36:40	,2026-07-13 13:39:53	,【一夕珠宝】和田玉碧玉手镯丨53-63圈口多样性发一	,和田玉	,未镶嵌	,"	","	",284301987	,一夕珠宝G	,6954405951077159955	,3	,否	,价格较高	,通过	,"	","	","	","	",和田玉（碧玉）	,"	","	","	",42.54g(含绳及签)	,---	,手镯	,个	,合格	,完好无污损	,委托检测	,社会证明作用	,验证证书	,常温	
0519229575	,ZJ2607027686	,962607130069	,A54047943	,1	,2026-07-13 12:52:44	,2026-07-13 13:28:01	,2026-07-13 13:36:40	,2026-07-13 13:39:53	,【一夕珠宝】和田玉碧玉手镯丨53-63圈口多样性发一	,和田玉	,未镶嵌	,"	","	",284301987	,一夕珠宝G	,6927890083305651925	,3	,否	,价格较高	,通过	,"	","	","	","	",和田玉（碧玉）	,"	","	","	",58.31g(含绳及签)	,---	,手镯	,个	,合格	,完好无污损	,委托检测	,社会证明作用	,验证证书	,常温	
0821067868	,ZJ2607027541	,962607130053	,A54045566	,1	,2026-07-13 11:57:10	,2026-07-13 12:15:34	,2026-07-13 13:28:24	,2026-07-13 13:28:39	,云丹拉姆丨MH红肉天珠锁骨链多样性发其一	,玛瑙/玉髓（覆膜）	,未镶嵌	,"	",流程完成	,251816647	,云丹珠宝	,6927884633039994398	,3.8	,否	,399	,通过	,"	","	","	","	",玛瑙	,"	","	","	",11.64g(含绳)	,检测结论仅针对大桶珠	,挂坠	,个	,合格	,完好无污损	,委托检测	,社会证明作用	,验证证书	,常温	
0804294748	,ZJ2607027539	,962607130053	,A54045566	,1	,2026-07-13 11:57:10	,2026-07-13 12:15:34	,2026-07-13 13:28:24	,2026-07-13 13:28:39	,云丹拉姆丨SK牙黄八宝瓶锁骨链多样性发其一	,玛瑙/玉髓（覆膜）	,未镶嵌	,"	",流程完成	,251816647	,云丹珠宝	,6954395627840739095	,3.8	,否	,999	,通过	,"	","	","	","	",玛瑙	,"	","	","	",17.77g(含绳及签)	,检测结论仅针对大桶珠	,挂坠	,个	,合格	,完好无污损	,委托检测	,社会证明作用	,验证证书	,常温	
0921882766	,ZJ2607027696	,962607130069	,A54047943	,1	,2026-07-13 12:52:44	,2026-07-13 13:28:01	,2026-07-13 13:36:40	,2026-07-13 13:39:52	,【周年庆】Z和田玉黄口轮胎手镯丨52-58圈口 多样性发一	,和田玉	,未镶嵌	,"	","	",284301987	,一夕珠宝G	,6927887181872791070	,3	,否	,价格较高	,通过	,"	","	","	","	",和田玉	,"	","	","	",77.33g(含绳及签)	,---	,手镯	,个	,合格	,完好无污损	,委托检测	,社会证明作用	,验证证书	,常温	
0334524510	,ZJ2607027699	,962607130069	,A54047943	,1	,2026-07-13 12:52:44	,2026-07-13 13:28:01	,2026-07-13 13:36:40	,2026-07-13 13:39:53	,【精品黑猫·周年庆专属】和田玉黑猫眼手镯丨52-63圈口 多样性发一	,和田玉	,未镶嵌	,"	","	",284301987	,一夕珠宝G	,6927888862849039398	,3	,否	,价格较高	,通过	,"	","	","	","	",和田玉	,"	","	","	",58.60g(含绳及签)	,---	,手镯	,个	,合格	,完好无污损	,委托检测	,社会证明作用	,验证证书	,常温	
0452120711	,ZJ2607027688	,962607130069	,A54047943	,1	,2026-07-13 12:52:44	,2026-07-13 13:28:01	,2026-07-13 13:36:40	,2026-07-13 13:39:52	,【一夕珠宝】和田玉碧玉手镯丨53-63圈口多样性发一	,和田玉	,未镶嵌	,"	","	",284301987	,一夕珠宝G	,6927912295178402870	,3	,否	,价格较高	,通过	,"	","	","	","	",和田玉（碧玉）	,"	","	","	",60.19g(含绳及签)	,---	,手镯	,个	,合格	,完好无污损	,委托检测	,社会证明作用	,验证证书	,常温	
0300970127	,ZJ2607027698	,962607130069	,A54047943	,1	,2026-07-13 12:52:44	,2026-07-13 13:28:01	,2026-07-13 13:36:40	,2026-07-13 13:39:53	,【周年庆】和田玉粉青轮胎手镯丨55-62圈口 多样性发一	,和田玉	,未镶嵌	,"	","	",284301987	,一夕珠宝G	,6927865836981616456	,3	,否	,价格较高	,通过	,"	","	","	","	",和田玉	,"	","	","	",70.88g(含绳及签)	,---	,手镯	,个	,合格	,完好无污损	,委托检测	,社会证明作用	,验证证书	,常温	
0653496457	,ZJ2607027700	,962607130069	,A54047943	,1	,2026-07-13 12:52:44	,2026-07-13 13:28:01	,2026-07-13 13:36:40	,2026-07-13 13:39:52	,【一夕珠宝】Z和田玉多宝手串丨多样性发一	,和田玉	,未镶嵌	,"	","	",284301987	,一夕珠宝G	,6927910213508365524	,3	,否	,899	,通过	,"	","	","	","	",和田玉	,"	","	","	",45.88g(含绳及签)	,金属未测	,手链	,个	,合格	,完好无污损	,委托检测	,社会证明作用	,验证证书	,常温	
0753959004	,ZJ2607027449	,962607130043	,A54045778	,1	,2026-07-13 11:35:03	,2026-07-13 13:03:30	,2026-07-13 13:32:35	,2026-07-13 13:39:52	,云丹拉姆丨至纯文殊菩提天珠手串多样性发其一	,玛瑙/玉髓	,未镶嵌	,"	",流程完成	,251816647	,云丹珠宝	,6954392018005006039	,5.7	,否	,288	,通过	,"	","	","	","	",玛瑙	,"	","	","	",11.64g(含绳及签)	,检测结论仅针对大桶珠	,手链	,个	,合格	,完好无污损	,委托检测	,社会证明作用	,验证证书	,常温	
0183644295	,ZJ2607027693	,962607130069	,A54047943	,1	,2026-07-13 12:52:44	,2026-07-13 13:28:01	,2026-07-13 13:36:40	,2026-07-13 13:39:53	,【一夕珠宝】和田玉碧玉手镯丨53-63圈口多样性发一	,和田玉	,未镶嵌	,"	","	",284301987	,一夕珠宝G	,6927888446786731062	,3	,否	,价格较高	,通过	,"	","	","	","	",和田玉（碧玉）	,"	","	","	",47.50g(含绳及签)	,---	,手镯	,个	,合格	,完好无污损	,委托检测	,社会证明作用	,验证证书	,常温	
0083050638	,ZJ2607027694	,962607130069	,A54047943	,1	,2026-07-13 12:52:44	,2026-07-13 13:28:01	,2026-07-13 13:36:40	,2026-07-13 13:39:52	,【周年庆】和田玉烟紫手镯丨53-61圈口多样性发一	,和田玉	,未镶嵌	,"	","	",284301987	,一夕珠宝G	,6954401182562718723	,3	,否	,价格较高	,通过	,"	","	","	","	",和田玉	,"	","	","	",53.05g(含绳及签)	,---	,手镯	,个	,合格	,完好无污损	,委托检测	,社会证明作用	,验证证书	,常温	
0066097244	,ZJ2607027448	,962607130043	,A54045778	,1	,2026-07-13 11:35:03	,2026-07-13 13:03:30	,2026-07-13 13:32:35	,2026-07-13 13:39:52	,云丹拉姆丨红肉八宝瓶天珠锁骨链多样性发其一约13*39	,玛瑙/玉髓（覆膜）	,未镶嵌	,"	",流程完成	,251816647	,云丹珠宝	,6954336984348235334	,3.8	,否	,399	,通过	,"	","	","	","	",玛瑙	,"	","	","	",15.81g(含绳及签)	,检测结论仅针对大桶珠	,挂坠	,个	,合格	,完好无污损	,委托检测	,社会证明作用	,验证证书	,常温	
0569536647	,ZJ2607027691	,962607130069	,A54047943	,1	,2026-07-13 12:52:44	,2026-07-13 13:28:01	,2026-07-13 13:36:40	,2026-07-13 13:39:52	,【一夕珠宝】和田玉碧玉手镯丨53-63圈口多样性发一	,和田玉	,未镶嵌	,"	","	",284301987	,一夕珠宝G	,6954417798003955072	,3	,否	,价格较高	,通过	,"	","	","	","	",和田玉（碧玉）	,"	","	","	",70.05g(含绳及签)	,---	,手镯	,个	,合格	,完好无污损	,委托检测	,社会证明作用	,验证证书	,常温	
0502423687	,ZJ2607027692	,962607130069	,A54047943	,1	,2026-07-13 12:52:44	,2026-07-13 13:28:01	,2026-07-13 13:36:40	,2026-07-13 13:39:53	,【一夕珠宝】和田玉碧玉手镯丨53-63圈口多样性发一	,和田玉	,未镶嵌	,"	","	",284301987	,一夕珠宝G	,6954430819681965580	,3	,否	,价格较高	,通过	,"	","	","	","	",和田玉（碧玉）	,"	","	","	",66.10g(含绳及签)	,---	,手镯	,个	,合格	,完好无污损	,委托检测	,社会证明作用	,验证证书	,常温	
0183681166	,ZJ2607027697	,962607130069	,A54047943	,1	,2026-07-13 12:52:44	,2026-07-13 13:28:01	,2026-07-13 13:36:40	,2026-07-13 13:39:52	,【周年庆】Z和田玉黄口轮胎手镯丨52-58圈口 多样性发一	,和田玉	,未镶嵌	,"	","	",284301987	,一夕珠宝G	,6954403217346729908	,3	,否	,价格较高	,通过	,"	","	","	","	",和田玉	,"	","	","	",67.38g(含绳及签)	,---	,手镯	,个	,合格	,完好无污损	,委托检测	,社会证明作用	,验证证书	,常温	
0368291974	,ZJ2607027701	,962607130069	,A54047943	,1	,2026-07-13 12:52:44	,2026-07-13 13:28:01	,2026-07-13 13:36:40	,2026-07-13 13:39:52	,【周年庆】 18K和田玉碧玉福禄手镯 53-63圈口微带红皮多样性发一	,和田玉	,18K金镶嵌	,"	","	",284301987	,一夕珠宝G	,6954425622649377896	,3	,否	,价格较高	,通过	,"	","	","	","	",和田玉	,18K金	,"	","	",62.10g(含绳及签)	,镶嵌配石未检	,手镯	,个	,合格	,完好无污损	,委托检测	,社会证明作用	,验证证书	,常温	
0837849180	,ZJ2607027443	,962607130043	,A54045778	,1	,2026-07-13 11:35:03	,2026-07-13 13:03:30	,2026-07-13 13:32:35	,2026-07-13 13:39:52	,云丹拉姆丨SK牙黄八宝瓶锁骨链多样性发其一	,玛瑙/玉髓（覆膜）	,未镶嵌	,"	",流程完成	,251816647	,云丹珠宝	,6954388906592049090	,3.8	,否	,999	,通过	,"	","	","	","	",玛瑙	,"	","	","	",17.86g(含绳及签)	,检测结论仅针对大桶珠	,挂坠	,个	,合格	,完好无污损	,委托检测	,社会证明作用	,验证证书	,常温	
0787517532	,ZJ2607027444	,962607130043	,A54045778	,1	,2026-07-13 11:35:03	,2026-07-13 13:03:30	,2026-07-13 13:32:35	,2026-07-13 13:39:53	,云丹拉姆丨SK牙黄八宝瓶锁骨链多样性发其一	,玛瑙/玉髓（覆膜）	,未镶嵌	,"	",流程完成	,251816647	,云丹珠宝	,6927847502362869253	,3.8	,否	,999	,通过	,"	","	","	","	",玛瑙	,"	","	","	",17.76g(含绳及签)	,检测结论仅针对大桶珠	,挂坠	,个	,合格	,完好无污损	,委托检测	,社会证明作用	,验证证书	,常温	
0988844124	,ZJ2607027445	,962607130043	,A54045778	,1	,2026-07-13 11:35:03	,2026-07-13 13:03:30	,2026-07-13 13:32:35	,2026-07-13 13:39:53	,云丹拉姆丨SK牙黄八宝瓶锁骨链多样性发其一	,玛瑙/玉髓（覆膜）	,未镶嵌	,"	",流程完成	,251816647	,云丹珠宝	,6954393269902382562	,3.8	,否	,999	,通过	,"	","	","	","	",玛瑙	,"	","	","	",18.17g(含绳)	,检测结论仅针对大桶珠	,挂坠	,个	,合格	,完好无污损	,委托检测	,社会证明作用	,验证证书	,常温	
0871403612	,ZJ2607027446	,962607130043	,A54045778	,1	,2026-07-13 11:35:03	,2026-07-13 13:03:30	,2026-07-13 13:32:35	,2026-07-13 13:39:52	,云丹拉姆丨SK牙黄八宝瓶锁骨链多样性发其一	,玛瑙/玉髓（覆膜）	,未镶嵌	,"	",流程完成	,251816647	,云丹珠宝	,6927852127954173718	,3.8	,否	,999	,通过	,"	","	","	","	",玛瑙	,"	","	","	",17.94g(含绳及签)	,检测结论仅针对大桶珠	,挂坠	,个	,合格	,完好无污损	,委托检测	,社会证明作用	,验证证书	,常温	
0166760540	,ZJ2607027447	,962607130043	,A54045778	,1	,2026-07-13 11:35:03	,2026-07-13 13:03:30	,2026-07-13 13:32:35	,2026-07-13 13:39:52	,云丹拉姆 MH红肉息增天珠项链多样性发其一约54*13	,玛瑙/玉髓（覆膜）	,未镶嵌	,"	",流程完成	,251816647	,云丹珠宝	,6927857331163594299	,3.8	,否	,499	,通过	,"	","	","	","	",玛瑙	,"	","	","	",28.97g(含绳及签)	,检测结论仅针对大桶珠	,挂坠	,个	,合格	,完好无污损	,委托检测	,社会证明作用	,验证证书	,常温	
0888180828	,ZJ2607027465	,962607130046	,A54045626	,1	,2026-07-13 11:40:29	,2026-07-13 13:02:26	,2026-07-13 13:22:47	,2026-07-13 13:24:30	,云丹拉姆丨多彩大鹏天珠手串多样性发其一10*10*11	,玛瑙/玉髓（覆膜）	,未镶嵌	,"	",流程完成	,251816647	,云丹珠宝	,6927843211857984810	,5.7	,否	,288	,通过	,"	","	","	","	",玛瑙	,"	","	","	",25.21g(含签)	,金属未测	,手链	,个	,合格	,完好无污损	,委托检测	,社会证明作用	,验证证书	,常温	
1005621340	,ZJ2607027464	,962607130046	,A54045626	,1	,2026-07-13 11:40:29	,2026-07-13 13:02:26	,2026-07-13 13:22:47	,2026-07-13 13:24:30	,云丹拉姆丨多彩大鹏天珠手串多样性发其一10*10*11	,玛瑙/玉髓（覆膜）	,未镶嵌	,"	",流程完成	,251816647	,云丹珠宝	,6927844821142044139	,5.7	,否	,288	,通过	,"	","	","	","	",玛瑙	,"	","	","	",23.38g(含签)	,金属未测	,手链	,个	,合格	,完好无污损	,委托检测	,社会证明作用	,验证证书	,常温	
1039171676	,ZJ2607027468	,962607130046	,A54045626	,1	,2026-07-13 11:40:29	,2026-07-13 13:02:26	,2026-07-13 13:22:47	,2026-07-13 13:24:30	,云丹拉姆丨多彩大鹏天珠手串多样性发其一10*10*11	,玛瑙/玉髓（覆膜）	,未镶嵌	,"	",流程完成	,251816647	,云丹珠宝	,6927851559215594792	,5.7	,否	,288	,通过	,"	","	","	","	",玛瑙	,"	","	","	",25.23g(含签)	,金属未测	,手链	,个	,合格	,完好无污损	,委托检测	,社会证明作用	,验证证书	,常温	
0015765596	,ZJ2607027463	,962607130046	,A54045626	,1	,2026-07-13 11:40:29	,2026-07-13 13:02:26	,2026-07-13 13:22:47	,2026-07-13 13:24:30	,云丹拉姆丨多彩大鹏天珠手串多样性发其一10*10*11	,玛瑙/玉髓（覆膜）	,未镶嵌	,"	",流程完成	,251816647	,云丹珠宝	,6927847021384531689	,5.7	,否	,288	,通过	,"	","	","	","	",玛瑙	,"	","	","	",24.95g(含签)	,金属未测	,手链	,个	,合格	,完好无污损	,委托检测	,社会证明作用	,验证证书	,常温	
0099655772	,ZJ2607027467	,962607130046	,A54045626	,1	,2026-07-13 11:40:29	,2026-07-13 13:02:26	,2026-07-13 13:22:47	,2026-07-13 13:24:30	,云丹拉姆丨多彩大鹏天珠手串多样性发其一10*10*11	,玛瑙/玉髓（覆膜）	,未镶嵌	,"	",流程完成	,251816647	,云丹珠宝	,6954391756357768722	,5.7	,否	,288	,通过	,"	","	","	","	",玛瑙	,"	","	","	",25.11g(含签)	,金属未测	,手链	,个	,合格	,完好无污损	,委托检测	,社会证明作用	,验证证书	,常温	
0619745372	,ZJ2607027476	,962607130048	,A54045263	,1	,2026-07-13 11:43:53	,2026-07-13 12:14:19	,2026-07-13 13:35:10	,2026-07-13 13:39:53	,云丹拉姆丨xy无往不利黑金达洛多宝天珠手串多样性发其一15.5*11	,玛瑙/玉髓（覆膜）	,未镶嵌	,"	",流程完成	,251816647	,云丹珠宝	,6954376480672716588	,5.7	,否	,399	,通过	,"	","	","	","	",玛瑙	,"	","	","	",34.46g(含签)	,隔珠未检	,手链	,个	,合格	,完好无污损	,委托检测	,社会证明作用	,验证证书	,常温	
0636522588	,ZJ2607027483	,962607130048	,A54045263	,1	,2026-07-13 11:43:53	,2026-07-13 12:14:19	,2026-07-13 13:35:10	,2026-07-13 13:39:53	,云丹拉姆丨xy无往不利黑金达洛多宝天珠手串多样性发其一15.5*11	,玛瑙/玉髓（覆膜）	,未镶嵌	,"	",流程完成	,251816647	,云丹珠宝	,6954416974917735823	,5.7	,否	,399	,通过	,"	","	","	","	",玛瑙	,"	","	","	",33.72g(含签)	,隔珠未检	,手链	,个	,合格	,完好无污损	,委托检测	,社会证明作用	,验证证书	,常温	
0904958044	,ZJ2607027466	,962607130046	,A54045626	,1	,2026-07-13 11:40:29	,2026-07-13 13:02:26	,2026-07-13 13:22:47	,2026-07-13 13:24:30	,云丹拉姆丨多彩大鹏天珠手串多样性发其一10*10*11	,玛瑙/玉髓（覆膜）	,未镶嵌	,"	",流程完成	,251816647	,云丹珠宝	,6927849327434365980	,5.7	,否	,288	,通过	,"	","	","	","	",玛瑙	,"	","	","	",25.01g(含签)	,金属未测	,手链	,个	,合格	,完好无污损	,委托检测	,社会证明作用	,验证证书	,常温	
0972066908	,ZJ2607027491	,962607130048	,A54045263	,1	,2026-07-13 11:43:53	,2026-07-13 12:14:19	,2026-07-13 13:35:10	,2026-07-13 13:39:52	,云丹拉姆丨xy无往不利黑金达洛多宝天珠手串多样性发其一15.5*11	,玛瑙/玉髓（覆膜）	,未镶嵌	,"	",流程完成	,251816647	,云丹珠宝	,6954405245099840876	,5.7	,否	,399	,通过	,"	","	","	","	",玛瑙	,"	","	","	",32.81g(含签)	,隔珠未检	,手链	,个	,合格	,完好无污损	,委托检测	,社会证明作用	,验证证书	,常温	
0854626396	,ZJ2607027470	,962607130046	,A54045626	,1	,2026-07-13 11:40:29	,2026-07-13 13:02:26	,2026-07-13 13:22:47	,2026-07-13 13:24:30	,云丹拉姆丨多彩大鹏天珠手串多样性发其一10*10*11	,玛瑙/玉髓（覆膜）	,未镶嵌	,"	",流程完成	,251816647	,云丹珠宝	,6927858584648514561	,5.7	,否	,288	,通过	,"	","	","	","	",玛瑙	,"	","	","	",24.36g(含签)	,金属未测	,手链	,个	,合格	,完好无污损	,委托检测	,社会证明作用	,验证证书	,常温	
0049320028	,ZJ2607027469	,962607130046	,A54045626	,1	,2026-07-13 11:40:29	,2026-07-13 13:02:26	,2026-07-13 13:22:47	,2026-07-13 13:24:30	,云丹拉姆丨多彩大鹏天珠手串多样性发其一10*10*11	,玛瑙/玉髓（覆膜）	,未镶嵌	,"	",流程完成	,251816647	,云丹珠宝	,6927844835829710395	,5.7	,否	,288	,通过	,"	","	","	","	",玛瑙	,"	","	","	",25.64g(含签)	,金属未测	,手链	,个	,合格	,完好无污损	,委托检测	,社会证明作用	,验证证书	,常温	
0821071964	,ZJ2607027484	,962607130048	,A54045263	,1	,2026-07-13 11:43:53	,2026-07-13 12:14:19	,2026-07-13 13:35:10	,2026-07-13 13:39:52	,云丹拉姆丨xy无往不利黑金达洛多宝天珠手串多样性发其一15.5*11	,玛瑙/玉髓（覆膜）	,未镶嵌	,"	",流程完成	,251816647	,云丹珠宝	,6927840736318880864	,5.7	,否	,399	,通过	,"	","	","	","	",玛瑙	,"	","	","	",33.82g(含签)	,隔珠未检	,手链	,个	,合格	,完好无污损	,委托检测	,社会证明作用	,验证证书	,常温	
0586190940	,ZJ2607027489	,962607130048	,A54045263	,1	,2026-07-13 11:43:53	,2026-07-13 12:14:19	,2026-07-13 13:35:10	,2026-07-13 13:39:53	,云丹拉姆丨xy无往不利黑金达洛多宝天珠手串多样性发其一15.5*11	,玛瑙/玉髓（覆膜）	,未镶嵌	,"	",流程完成	,251816647	,云丹珠宝	,6927889079915872134	,5.7	,否	,399	,通过	,"	","	","	","	",玛瑙	,"	","	","	",34.87g(含签)	,隔珠未检	,手链	,个	,合格	,完好无污损	,委托检测	,社会证明作用	,验证证书	,常温	
0384864348	,ZJ2607027487	,962607130048	,A54045263	,1	,2026-07-13 11:43:53	,2026-07-13 12:14:19	,2026-07-13 13:35:10	,2026-07-13 13:39:52	,云丹拉姆丨xy无往不利黑金达洛多宝天珠手串多样性发其一15.5*11	,玛瑙/玉髓（覆膜）	,未镶嵌	,"	",流程完成	,251816647	,云丹珠宝	,6927817346526641164	,5.7	,否	,399	,通过	,"	","	","	","	",玛瑙	,"	","	","	",33.96g(含签)	,隔珠未检	,手链	,个	,合格	,完好无污损	,委托检测	,社会证明作用	,验证证书	,常温	
0737185884	,ZJ2607027481	,962607130048	,A54045263	,1	,2026-07-13 11:43:53	,2026-07-13 12:14:19	,2026-07-13 13:35:10	,2026-07-13 13:39:52	,云丹拉姆丨xy无往不利黑金达洛多宝天珠手串多样性发其一15.5*11	,玛瑙/玉髓（覆膜）	,未镶嵌	,"	",流程完成	,251816647	,云丹珠宝	,6954405238596769172	,5.7	,否	,399	,通过	,"	","	","	","	",玛瑙	,"	","	","	",34.06g(含签)	,隔珠未检	,手链	,个	,合格	,完好无污损	,委托检测	,社会证明作用	,验证证书	,常温	
0720408668	,ZJ2607027494	,962607130048	,A54045263	,1	,2026-07-13 11:43:53	,2026-07-13 12:14:19	,2026-07-13 13:35:10	,2026-07-13 13:39:53	,云丹拉姆丨xy无往不利黑金达洛多宝天珠手串多样性发其一15.5*11	,玛瑙/玉髓（覆膜）	,未镶嵌	,"	",流程完成	,251816647	,云丹珠宝	,6927898824678080444	,5.7	,否	,399	,通过	,"	","	","	","	",玛瑙	,"	","	","	",33.86g(含签)	,隔珠未检	,手链	,个	,合格	,完好无污损	,委托检测	,社会证明作用	,验证证书	,常温	
0670077020	,ZJ2607027495	,962607130048	,A54045263	,1	,2026-07-13 11:43:53	,2026-07-13 12:14:19	,2026-07-13 13:35:10	,2026-07-13 13:39:53	,云丹拉姆丨xy无往不利黑金达洛多宝天珠手串多样性发其一15.5*11	,玛瑙/玉髓（覆膜）	,未镶嵌	,"	",流程完成	,251816647	,云丹珠宝	,6927884631250009986	,5.7	,否	,399	,通过	,"	","	","	","	",玛瑙	,"	","	","	",32.86g(含签)	,隔珠未检	,手链	,个	,合格	,完好无污损	,委托检测	,社会证明作用	,验证证书	,常温	
0368087132	,ZJ2607027498	,962607130048	,A54045263	,1	,2026-07-13 11:43:53	,2026-07-13 12:14:19	,2026-07-13 13:35:10	,2026-07-13 13:39:52	,云丹拉姆丨xy无往不利黑金达洛多宝天珠手串多样性发其一15.5*11	,玛瑙/玉髓（覆膜）	,未镶嵌	,"	",流程完成	,251816647	,云丹珠宝	,6954354409132135867	,5.7	,否	,399	,通过	,"	","	","	","	",玛瑙	,"	","	","	",33.71g(含签)	,隔珠未检	,手链	,个	,合格	,完好无污损	,委托检测	,社会证明作用	,验证证书	,常温	
0653299804	,ZJ2607027493	,962607130048	,A54045263	,1	,2026-07-13 11:43:53	,2026-07-13 12:14:19	,2026-07-13 13:35:10	,2026-07-13 13:39:52	,云丹拉姆丨xy无往不利黑金达洛多宝天珠手串多样性发其一15.5*11	,玛瑙/玉髓（覆膜）	,未镶嵌	,"	",流程完成	,251816647	,云丹珠宝	,6954396941298767293	,5.7	,否	,399	,通过	,"	","	","	","	",玛瑙	,"	","	","	",33.63g(含签)	,隔珠未检	,手链	,个	,合格	,完好无污损	,委托检测	,社会证明作用	,验证证书	,常温	
0418418780	,ZJ2607027477	,962607130048	,A54045263	,1	,2026-07-13 11:43:53	,2026-07-13 12:14:19	,2026-07-13 13:35:10	,2026-07-13 13:39:53	,云丹拉姆丨xy无往不利黑金达洛多宝天珠手串多样性发其一15.5*11	,玛瑙/玉髓（覆膜）	,未镶嵌	,"	",流程完成	,251816647	,云丹珠宝	,6927812849472142765	,5.7	,否	,399	,通过	,"	","	","	","	",玛瑙	,"	","	","	",33.18g(含签)	,隔珠未检	,手链	,个	,合格	,完好无污损	,委托检测	,社会证明作用	,验证证书	,常温	
0770740316	,ZJ2607027485	,962607130048	,A54045263	,1	,2026-07-13 11:43:53	,2026-07-13 12:14:19	,2026-07-13 13:35:10	,2026-07-13 13:39:52	,云丹拉姆丨xy无往不利黑金达洛多宝天珠手串多样性发其一15.5*11	,玛瑙/玉髓（覆膜）	,未镶嵌	,"	",流程完成	,251816647	,云丹珠宝	,6954384542304769059	,5.7	,否	,399	,通过	,"	","	","	","	",玛瑙	,"	","	","	",33.28g(含签)	,隔珠未检	,手链	,个	,合格	,完好无污损	,委托检测	,社会证明作用	,验证证书	,常温	
0468750428	,ZJ2607027486	,962607130048	,A54045263	,1	,2026-07-13 11:43:53	,2026-07-13 12:14:19	,2026-07-13 13:35:10	,2026-07-13 13:39:52	,云丹拉姆丨xy无往不利黑金达洛多宝天珠手串多样性发其一15.5*11	,玛瑙/玉髓（覆膜）	,未镶嵌	,"	",流程完成	,251816647	,云丹珠宝	,6927819831598218284	,5.7	,否	,399	,通过	,"	","	","	","	",玛瑙	,"	","	","	",33.22g(含签)	,隔珠未检	,手链	,个	,合格	,完好无污损	,委托检测	,社会证明作用	,验证证书	,常温	
0602968156	,ZJ2607027478	,962607130048	,A54045263	,1	,2026-07-13 11:43:53	,2026-07-13 12:14:19	,2026-07-13 13:35:10	,2026-07-13 13:39:52	,云丹拉姆丨xy无往不利黑金达洛多宝天珠手串多样性发其一15.5*11	,玛瑙/玉髓（覆膜）	,未镶嵌	,"	",流程完成	,251816647	,云丹珠宝	,6927852521408199707	,5.7	,否	,399	,通过	,"	","	","	","	",玛瑙	,"	","	","	",33.72g(含签)	,隔珠未检	,手链	,个	,合格	,完好无污损	,委托检测	,社会证明作用	,验证证书	,常温	
0686850140	,ZJ2607027504	,962607130049	,A54045882	,1	,2026-07-13 11:45:24	,2026-07-13 12:07:21	,2026-07-13 13:18:30	,2026-07-13 13:19:44	,云丹拉姆丨至纯文殊菩提天珠手串多样性发其一	,玛瑙/玉髓	,未镶嵌	,"	",流程完成	,251816647	,云丹珠宝	,6927841126084017434	,5.7	,否	,288	,通过	,"	","	","	","	",玛瑙	,"	","	","	",11.72g(含绳及签)	,"木质配饰、雕件未检,配珠未检,金属未测	",手链	,个	,合格	,完好无污损	,委托检测	,社会证明作用	,验证证书	,常温	
0670072924	,ZJ2607027503	,962607130049	,A54045882	,1	,2026-07-13 11:45:24	,2026-07-13 12:07:21	,2026-07-13 13:18:30	,2026-07-13 13:19:44	,云丹拉姆丨至纯文殊菩提天珠手串多样性发其一	,玛瑙/玉髓	,未镶嵌	,"	",流程完成	,251816647	,云丹珠宝	,6954373523187176930	,5.7	,否	,288	,通过	,"	","	","	","	",玛瑙	,"	","	","	",11.08g(含绳及签)	,"木质配饰、雕件未检,配珠未检,金属未测	",手链	,个	,合格	,完好无污损	,委托检测	,社会证明作用	,验证证书	,常温	
0435195996	,ZJ2607027482	,962607130048	,A54045263	,1	,2026-07-13 11:43:53	,2026-07-13 12:14:19	,2026-07-13 13:35:10	,2026-07-13 13:39:53	,云丹拉姆丨xy无往不利黑金达洛多宝天珠手串多样性发其一15.5*11	,玛瑙/玉髓（覆膜）	,未镶嵌	,"	",流程完成	,251816647	,云丹珠宝	,6954358204789102555	,5.7	,否	,399	,通过	,"	","	","	","	",玛瑙	,"	","	","	",33.69g(含签)	,隔珠未检	,手链	,个	,合格	,完好无污损	,委托检测	,社会证明作用	,验证证书	,常温	
0485527644	,ZJ2607027479	,962607130048	,A54045263	,1	,2026-07-13 11:43:53	,2026-07-13 12:14:19	,2026-07-13 13:35:10	,2026-07-13 13:39:52	,云丹拉姆丨xy无往不利黑金达洛多宝天珠手串多样性发其一15.5*11	,玛瑙/玉髓（覆膜）	,未镶嵌	,"	",流程完成	,251816647	,云丹珠宝	,6954342697110672556	,5.7	,否	,399	,通过	,"	","	","	","	",玛瑙	,"	","	","	",33.30g(含签)	,隔珠未检	,手链	,个	,合格	,完好无污损	,委托检测	,社会证明作用	,验证证书	,常温	
0300978268	,ZJ2607027502	,962607130049	,A54045882	,1	,2026-07-13 11:45:24	,2026-07-13 12:07:21	,2026-07-13 13:18:30	,2026-07-13 13:19:44	,云丹拉姆丨至纯文殊菩提天珠手串多样性发其一	,玛瑙/玉髓	,未镶嵌	,"	",流程完成	,251816647	,云丹珠宝	,6954392104904824807	,5.7	,否	,288	,通过	,"	","	","	","	",玛瑙	,"	","	","	",10.91g(含绳及签)	,"木质配饰、雕件未检,配珠未检,金属未测	",手链	,个	,合格	,完好无污损	,委托检测	,社会证明作用	,验证证书	,常温	
0552636508	,ZJ2607027488	,962607130048	,A54045263	,1	,2026-07-13 11:43:53	,2026-07-13 12:14:19	,2026-07-13 13:35:10	,2026-07-13 13:39:53	,云丹拉姆丨xy无往不利黑金达洛多宝天珠手串多样性发其一15.5*11	,玛瑙/玉髓（覆膜）	,未镶嵌	,"	",流程完成	,251816647	,云丹珠宝	,6954375126856767360	,5.7	,否	,399	,通过	,"	","	","	","	",玛瑙	,"	","	","	",33.40g(含签)	,隔珠未检	,手链	,个	,合格	,完好无污损	,委托检测	,社会证明作用	,验证证书	,常温	
0653295708	,ZJ2607027501	,962607130049	,A54045882	,1	,2026-07-13 11:45:24	,2026-07-13 12:07:21	,2026-07-13 13:18:30	,2026-07-13 13:19:44	,云丹拉姆丨至纯文殊菩提天珠手串多样性发其一	,玛瑙/玉髓	,未镶嵌	,"	",流程完成	,251816647	,云丹珠宝	,6954384942137808080	,5.7	,否	,288	,通过	,"	","	","	","	",玛瑙	,"	","	","	",11.06g(含绳及签)	,"木质配饰、雕件未检,配珠未检,金属未测	",手链	,个	,合格	,完好无污损	,委托检测	,社会证明作用	,验证证书	,常温	
0519082076	,ZJ2607027490	,962607130048	,A54045263	,1	,2026-07-13 11:43:53	,2026-07-13 12:14:19	,2026-07-13 13:35:10	,2026-07-13 13:39:52	,云丹拉姆丨xy无往不利黑金达洛多宝天珠手串多样性发其一15.5*11	,玛瑙/玉髓（覆膜）	,未镶嵌	,"	",流程完成	,251816647	,云丹珠宝	,6927817429516320508	,5.7	,否	,399	,通过	,"	","	","	","	",玛瑙	,"	","	","	",33.59g(含签)	,隔珠未检	,手链	,个	,合格	,完好无污损	,委托检测	,社会证明作用	,验证证书	,常温	
0569413724	,ZJ2607027499	,962607130048	,A54045263	,1	,2026-07-13 11:43:53	,2026-07-13 12:14:19	,2026-07-13 13:35:10	,2026-07-13 13:39:52	,云丹拉姆丨xy无往不利黑金达洛多宝天珠手串多样性发其一15.5*11	,玛瑙/玉髓（覆膜）	,未镶嵌	,"	",流程完成	,251816647	,云丹珠宝	,6927852069187452350	,5.7	,否	,399	,通过	,"	","	","	","	",玛瑙	,"	","	","	",33.40g(含签)	,隔珠未检	,手链	,个	,合格	,完好无污损	,委托检测	,社会证明作用	,验证证书	,常温	
0770736220	,ZJ2607027500	,962607130049	,A54045882	,1	,2026-07-13 11:45:24	,2026-07-13 12:07:21	,2026-07-13 13:18:30	,2026-07-13 13:19:44	,云丹拉姆丨至纯文殊菩提天珠手串多样性发其一	,玛瑙/玉髓	,未镶嵌	,"	",流程完成	,251816647	,云丹珠宝	,6954393226470757830	,5.7	,否	,288	,通过	,"	","	","	","	",玛瑙	,"	","	","	",11.23g(含绳及签)	,"木质配饰、雕件未检,配珠未检,金属未测	",手链	,个	,合格	,完好无污损	,委托检测	,社会证明作用	,验证证书	,常温	
0720404572	,ZJ2607027507	,962607130049	,A54045882	,1	,2026-07-13 11:45:24	,2026-07-13 12:07:21	,2026-07-13 13:18:30	,2026-07-13 13:19:44	,云丹拉姆丨至纯文殊菩提天珠手串多样性发其一	,玛瑙/玉髓	,未镶嵌	,"	",流程完成	,251816647	,云丹珠宝	,6927847467846434309	,5.7	,否	,288	,通过	,"	","	","	","	",玛瑙	,"	","	","	",11.30g(含绳及签)	,"木质配饰、雕件未检,配珠未检,金属未测	",手链	,个	,合格	,完好无污损	,委托检测	,社会证明作用	,验证证书	,常温	
1055952988	,ZJ2607027492	,962607130048	,A54045263	,1	,2026-07-13 11:43:53	,2026-07-13 12:14:19	,2026-07-13 13:35:10	,2026-07-13 13:39:52	,云丹拉姆丨xy无往不利黑金达洛多宝天珠手串多样性发其一15.5*11	,玛瑙/玉髓（覆膜）	,未镶嵌	,"	",流程完成	,251816647	,云丹珠宝	,6954341038213895564	,5.7	,否	,399	,通过	,"	","	","	","	",玛瑙	,"	","	","	",34.14g(含签)	,隔珠未检	,手链	,个	,合格	,完好无污损	,委托检测	,社会证明作用	,验证证书	,常温	
0619741276	,ZJ2607027508	,962607130049	,A54045882	,1	,2026-07-13 11:45:24	,2026-07-13 12:07:21	,2026-07-13 13:18:30	,2026-07-13 13:19:44	,云丹拉姆丨至纯文殊菩提天珠手串多样性发其一	,玛瑙/玉髓	,未镶嵌	,"	",流程完成	,251816647	,云丹珠宝	,6927841160673131742	,5.7	,否	,288	,通过	,"	","	","	","	",玛瑙	,"	","	","	",11.63g(含绳及签)	,"木质配饰、雕件未检,配珠未检,金属未测	",手链	,个	,合格	,完好无污损	,委托检测	,社会证明作用	,验证证书	,常温	
0535859292	,ZJ2607027496	,962607130048	,A54045263	,1	,2026-07-13 11:43:53	,2026-07-13 12:14:19	,2026-07-13 13:35:10	,2026-07-13 13:39:52	,云丹拉姆丨xy无往不利黑金达洛多宝天珠手串多样性发其一15.5*11	,玛瑙/玉髓（覆膜）	,未镶嵌	,"	",流程完成	,251816647	,云丹珠宝	,6954352094133360059	,5.7	,否	,399	,通过	,"	","	","	","	",玛瑙	,"	","	","	",33.27g(含签)	,隔珠未检	,手链	,个	,合格	,完好无污损	,委托检测	,社会证明作用	,验证证书	,常温	
0703631452	,ZJ2607027497	,962607130048	,A54045263	,1	,2026-07-13 11:43:53	,2026-07-13 12:14:19	,2026-07-13 13:35:10	,2026-07-13 13:39:52	,云丹拉姆丨xy无往不利黑金达洛多宝天珠手串多样性发其一15.5*11	,玛瑙/玉髓（覆膜）	,未镶嵌	,"	",流程完成	,251816647	,云丹珠宝	,6954371131074483216	,5.7	,否	,399	,通过	,"	","	","	","	",玛瑙	,"	","	","	",33.49g(含签)	,隔珠未检	,手链	,个	,合格	,完好无污损	,委托检测	,社会证明作用	,验证证书	,常温	
0267423836	,ZJ2607027509	,962607130049	,A54045882	,1	,2026-07-13 11:45:24	,2026-07-13 12:07:21	,2026-07-13 13:18:30	,2026-07-13 13:19:44	,云丹拉姆丨至纯文殊菩提天珠手串多样性发其一	,玛瑙/玉髓	,未镶嵌	,"	",流程完成	,251816647	,云丹珠宝	,6954368747421046622	,5.7	,否	,288	,通过	,"	","	","	","	",玛瑙	,"	","	","	",11.82g(含绳及签)	,"木质配饰、雕件未检,配珠未检,金属未测	",手链	,个	,合格	,完好无污损	,委托检测	,社会证明作用	,验证证书	,常温	
0502304860	,ZJ2607027480	,962607130048	,A54045263	,1	,2026-07-13 11:43:53	,2026-07-13 12:14:19	,2026-07-13 13:35:10	,2026-07-13 13:39:52	,云丹拉姆丨xy无往不利黑金达洛多宝天珠手串多样性发其一15.5*11	,玛瑙/玉髓（覆膜）	,未镶嵌	,"	",流程完成	,251816647	,云丹珠宝	,6954369485521294882	,5.7	,否	,399	,通过	,"	","	","	","	",玛瑙	,"	","	","	",33.14g(含签)	,隔珠未检	,手链	,个	,合格	,完好无污损	,委托检测	,社会证明作用	,验证证书	,常温	
0737181788	,ZJ2607027506	,962607130049	,A54045882	,1	,2026-07-13 11:45:24	,2026-07-13 12:07:21	,2026-07-13 13:18:30	,2026-07-13 13:19:44	,云丹拉姆丨至纯文殊菩提天珠手串多样性发其一	,玛瑙/玉髓	,未镶嵌	,"	",流程完成	,251816647	,云丹珠宝	,6927843668704591311	,5.7	,否	,288	,通过	,"	","	","	","	",玛瑙	,"	","	","	",11.14g(含绳及签)	,"木质配饰、雕件未检,配珠未检,金属未测	",手链	,个	,合格	,完好无污损	,委托检测	,社会证明作用	,验证证书	,常温	
0284201052	,ZJ2607027505	,962607130049	,A54045882	,1	,2026-07-13 11:45:24	,2026-07-13 12:07:21	,2026-07-13 13:18:30	,2026-07-13 13:19:44	,云丹拉姆丨至纯文殊菩提天珠手串多样性发其一	,玛瑙/玉髓	,未镶嵌	,"	",流程完成	,251816647	,云丹珠宝	,6927841159724367053	,5.7	,否	,288	,通过	,"	","	","	","	",玛瑙	,"	","	","	",11.53g(含绳及签)	,"木质配饰、雕件未检,配珠未检,金属未测	",手链	,个	,合格	,完好无污损	,委托检测	,社会证明作用	,验证证书	,常温	
1022406748	,ZJ2607027459	,962607130045	,A54051492	,1	,2026-07-13 11:38:56	,2026-07-13 13:06:24	,2026-07-13 13:45:36	,2026-07-13 13:46:15	,云丹拉姆丨xy无往不利黑金达洛多宝天珠手串多样性发其一15.5*11	,玛瑙/玉髓（覆膜）	,未镶嵌	,"	","	",264465156	,畅畅来了	,6954369683557979413	,5.7	,否	,399	,通过	,"	","	","	","	",玛瑙	,"	","	","	",33.40g(含签)	,隔珠未检	,手链	,个	,合格	,完好无污损	,委托检测	,社会证明作用	,验证证书	,常温	
0552644700	,ZJ2607027462	,962607130045	,A54051492	,1	,2026-07-13 11:38:56	,2026-07-13 13:06:24	,2026-07-13 13:45:36	,2026-07-13 13:46:15	,【云丹拉姆】至纯一眼山天珠手串多样性发其一26*10.5mm	,玛瑙/玉髓（覆膜）	,未镶嵌	,"	","	",264465156	,畅畅来了	,6927871649274757016	,5.7	,否	,199	,通过	,"	","	","	","	",玛瑙	,"	","	","	",16.52g	,"另配黑曜岩,无色、蓝色配石未检,金属未测	",手链	,个	,合格	,完好无污损	,委托检测	,社会证明作用	,验证证书	,常温	
0653307996	,ZJ2607027461	,962607130045	,A54051492	,1	,2026-07-13 11:38:56	,2026-07-13 13:06:24	,2026-07-13 13:45:36	,2026-07-13 13:46:15	,【云丹拉姆】至纯一眼山天珠手串多样性发其一26*10.5mm	,玛瑙/玉髓（覆膜）	,未镶嵌	,"	","	",264465156	,畅畅来了	,6954401449142851286	,5.7	,否	,199	,通过	,"	","	","	","	",玛瑙	,"	","	","	",15.95g	,"另配黑曜岩,无色、蓝色配石未检,金属未测	",手链	,个	,合格	,完好无污损	,委托检测	,社会证明作用	,验证证书	,常温	
0804302940	,ZJ2607027458	,962607130045	,A54051492	,1	,2026-07-13 11:38:56	,2026-07-13 13:06:24	,2026-07-13 13:45:36	,2026-07-13 13:46:15	,云丹拉姆丨xy无往不利黑金达洛多宝天珠手串多样性发其一15.5*11	,玛瑙/玉髓（覆膜）	,未镶嵌	,"	","	",264465156	,畅畅来了	,6927858455813193295	,5.7	,否	,399	,通过	,"	","	","	","	",玛瑙	,"	","	","	",33.90g(含签)	,隔珠未检	,手链	,个	,合格	,完好无污损	,委托检测	,社会证明作用	,验证证书	,常温	
0619753564	,ZJ2607027460	,962607130045	,A54051492	,1	,2026-07-13 11:38:56	,2026-07-13 13:06:24	,2026-07-13 13:45:36	,2026-07-13 13:46:15	,云丹拉姆丨【千年古刹回遮】至纯双供六眼手串多样性发其一	,玛瑙/玉髓（覆膜）	,未镶嵌	,"	","	",264465156	,畅畅来了	,6954419211975202791	,5.7	,否	,599	,通过	,"	","	","	","	",玛瑙（覆膜）	,"	","	","	",29.55g(含签)	,"另配玛瑙,隔珠未检,金属未测,木质配饰未检	",手链	,个	,合格	,完好无污损	,委托检测	,社会证明作用	,验证证书	,常温	
0502313052	,ZJ2607027456	,962607130044	,A54051160	,1	,2026-07-13 11:35:04	,2026-07-13 12:17:58	,2026-07-13 13:24:25	,2026-07-13 13:25:45	,云丹拉姆丨MH红肉【九曜星君】1-9眼多宝手串天珠玛瑙多样性发其一	,玛瑙/玉髓（覆膜）	,未镶嵌	,"	",流程完成	,264465156	,畅畅来了	,6927826230617079369	,5.7	,否	,价格较高	,通过	,"	","	","	","	",玛瑙	,"	","	","	",58.86g(含签)	,隔珠未检	,手链	,个	,合格	,完好无污损	,委托检测	,社会证明作用	,验证证书	,常温	
0904966236	,ZJ2607027453	,962607130044	,A54051160	,1	,2026-07-13 11:35:04	,2026-07-13 12:17:58	,2026-07-13 13:24:25	,2026-07-13 13:25:45	,云丹拉姆丨XL红肉达洛多宝天珠手串多样性发其一约15.11	,玛瑙/玉髓（覆膜）	,未镶嵌	,"	",流程完成	,264465156	,畅畅来了	,6954349536491672614	,5.7	,否	,238	,通过	,"	","	","	","	",玛瑙	,"	","	","	",32.60g(含签)	,"紫色配石未检,金属未测	",手链	,个	,合格	,完好无污损	,委托检测	,社会证明作用	,验证证书	,常温	
0569421916	,ZJ2607027455	,962607130044	,A54051160	,1	,2026-07-13 11:35:04	,2026-07-13 12:17:58	,2026-07-13 13:24:25	,2026-07-13 13:25:45	,云丹拉姆丨MH红肉【九曜星君】1-9眼多宝手串天珠玛瑙多样性发其一	,玛瑙/玉髓（覆膜）	,未镶嵌	,"	",流程完成	,264465156	,畅畅来了	,6927830750695226664	,5.7	,否	,价格较高	,通过	,"	","	","	","	",玛瑙	,"	","	","	",59.57g(含签)	,隔珠未检	,手链	,个	,合格	,完好无污损	,委托检测	,社会证明作用	,验证证书	,常温	
0988852316	,ZJ2607027454	,962607130044	,A54051160	,1	,2026-07-13 11:35:04	,2026-07-13 12:17:58	,2026-07-13 13:24:25	,2026-07-13 13:25:45	,云丹拉姆丨【破圈】红肉多宝天珠手串多样性发其一	,玛瑙/玉髓（覆膜）	,未镶嵌	,"	",流程完成	,264465156	,畅畅来了	,6927843046082641478	,5.7	,否	,399	,通过	,"	","	","	","	",玛瑙（覆膜）	,"	","	","	",25.67g	,"另配珍珠,蓝色配石未检,木质配饰未检,金属未测	",手链	,个	,合格	,完好无污损	,委托检测	,社会证明作用	,验证证书	,常温	
0485535836	,ZJ2607027452	,962607130044	,A54051160	,1	,2026-07-13 11:35:04	,2026-07-13 12:17:58	,2026-07-13 13:24:25	,2026-07-13 13:25:45	,云丹拉姆丨金蟾橘肉鹏承九禄手串多样性发其一约27.5	,玛瑙/玉髓（覆膜）	,未镶嵌	,"	",流程完成	,264465156	,畅畅来了	,6954373049412949370	,5.7	,否	,999	,通过	,"	","	","	","	",玛瑙	,"	","	","	",25.87g	,"另配和田玉,蓝色配石未检,金属未测	",手链	,个	,合格	,完好无污损	,委托检测	,社会证明作用	,验证证书	,常温	
0737194076	,ZJ2607027451	,962607130044	,A54051160	,1	,2026-07-13 11:35:04	,2026-07-13 12:17:58	,2026-07-13 13:24:25	,2026-07-13 13:25:45	,云丹拉姆丨金蟾橘肉鹏承九禄手串多样性发其一约27.5	,玛瑙/玉髓（覆膜）	,未镶嵌	,"	",流程完成	,264465156	,畅畅来了	,6954391595292497068	,5.7	,否	,999	,通过	,"	","	","	","	",玛瑙	,"	","	","	",27.31g	,"另配和田玉,蓝色配石未检,金属未测	",手链	,个	,合格	,完好无污损	,委托检测	,社会证明作用	,验证证书	,常温	
0586199132	,ZJ2607027457	,962607130044	,A54051160	,1	,2026-07-13 11:35:04	,2026-07-13 12:17:58	,2026-07-13 13:24:25	,2026-07-13 13:25:45	,云丹拉姆丨金蟾橘肉鹏承九禄手串多样性发其一约27.5	,玛瑙/玉髓（覆膜）	,未镶嵌	,"	",流程完成	,264465156	,畅畅来了	,6927815342114570183	,5.7	,否	,999	,通过	,"	","	","	","	",玛瑙	,"	","	","	",24.90g	,"另配和田玉,蓝色配石未检,金属未测	",手链	,个	,合格	,完好无污损	,委托检测	,社会证明作用	,验证证书	,常温	
0871399516	,ZJ2607027450	,962607130044	,A54051160	,1	,2026-07-13 11:35:04	,2026-07-13 12:17:58	,2026-07-13 13:24:25	,2026-07-13 13:25:45	,云丹拉姆丨双面雕刻天珠手串多样性发其一	,玛瑙/玉髓（覆膜）	,未镶嵌	,"	",流程完成	,264465156	,畅畅来了	,6954382142901982213	,5.7	,否	,299	,通过	,"	","	","	","	",玛瑙	,"	","	","	",28.69g(含签)	,金属未测	,手链	,个	,合格	,完好无污损	,委托检测	,社会证明作用	,验证证书	,常温	
0854622300	,ZJ2607027441	,962607130042	,A54050272	,1	,2026-07-13 11:34:33	,2026-07-13 13:19:31	,2026-07-13 13:38:28	,2026-07-13 13:39:52	,云丹拉姆丨至纯F王F帽天珠锁骨链多样性发其一约42*11	,玛瑙/玉髓	,未镶嵌	,"	",流程完成	,264465156	,畅畅来了	,6927821715248348659	,3.8	,否	,499	,通过	,"	","	","	","	",玛瑙	,"	","	","	",20.95g(含绳及签)	,检测结论仅针对大桶珠	,挂坠	,个	,合格	,完好无污损	,委托检测	,社会证明作用	,验证证书	,常温	
1055961180	,ZJ2607027440	,962607130042	,A54050272	,1	,2026-07-13 11:34:33	,2026-07-13 13:19:31	,2026-07-13 13:38:28	,2026-07-13 13:39:52	,云丹拉姆丨至纯F王F帽天珠锁骨链多样性发其一约42*11	,玛瑙/玉髓	,未镶嵌	,"	",流程完成	,264465156	,畅畅来了	,6954352288212325576	,3.8	,否	,499	,通过	,"	","	","	","	",玛瑙	,"	","	","	",20.01g(含绳及签)	,检测结论仅针对大桶珠	,挂坠	,个	,合格	,完好无污损	,委托检测	,社会证明作用	,验证证书	,常温	
0837845084	,ZJ2607027439	,962607130042	,A54050272	,1	,2026-07-13 11:34:33	,2026-07-13 13:19:31	,2026-07-13 13:38:28	,2026-07-13 13:39:53	,云丹拉姆丨MH红肉天珠锁骨链多样性发其一	,玛瑙/玉髓（覆膜）	,未镶嵌	,"	",流程完成	,264465156	,畅畅来了	,6927830657700691660	,3.8	,否	,399	,通过	,"	","	","	",玛瑙	,玛瑙	,"	","	","	",10.27g(含绳)	,检测结论仅针对大桶珠	,挂坠	,个	,合格	,完好无污损	,委托检测	,社会证明作用	,验证证书	,常温	
0904953948	,ZJ2607027438	,962607130042	,A54050272	,1	,2026-07-13 11:34:33	,2026-07-13 13:19:31	,2026-07-13 13:38:28	,2026-07-13 13:39:53	,云丹拉姆丨红肉18K无界天珠玛瑙多样性发其一约30*14mm	,玛瑙/玉髓（覆膜）	,18K金镶嵌	,"	",流程完成	,264465156	,畅畅来了	,6954357004071540155	,5.7	,否	,999	,通过	,"	","	","	","	",玛瑙	,18K金	,"	","	",10.46g(含绳)	,蓝色配石未检	,挂坠	,个	,合格	,完好无污损	,委托检测	,社会证明作用	,验证证书	,常温	
0888176732	,ZJ2607027442	,962607130042	,A54050272	,1	,2026-07-13 11:34:33	,2026-07-13 13:19:31	,2026-07-13 13:38:28	,2026-07-13 13:39:52	,云丹拉姆丨MH红肉【巨无霸超级大】达洛单珠多样性发其一	,玛瑙/玉髓	,未镶嵌	,"	",流程完成	,264465156	,畅畅来了	,6927830679178804268	,3.8	,否	,399	,通过	,"	","	","	","	",玛瑙	,"	","	","	",8.03g	,---	,饰品	,个	,合格	,完好无污损	,委托检测	,社会证明作用	,验证证书	,常温	
0015777884	,ZJ2606053350	,962607130052	,A54050301	,1	,2026-07-13 11:53:35	,2026-07-13 12:08:47	,2026-07-13 13:30:49	,2026-06-26 20:35:04	,云丹拉姆丨18K红肉财财六字真言锁骨链多样性发其一约45.6*12.6	,玛瑙/玉髓（覆膜）	,未镶嵌	,"	",流程完成	,264465156	,畅畅来了	,6954352332530849376	,1	,是	,价格较高	,通过	,"	","	","	",玛瑙	,玛瑙	,"	","	","	",14.59g(含绳)	,"绿色配石未检,金属未测	",饰品	,个	,合格	,完好无污损	,委托检测	,社会证明作用	,验证证书	,常温	
0837857372	,ZJ2607013977	,962607130052	,A54050301	,1	,2026-07-13 11:53:35	,2026-07-13 12:08:47	,2026-07-13 13:30:49	,2026-07-06 20:55:13	,云丹拉姆丨MH红肉【巨无霸超级大】达洛单珠多样性发其一	,玛瑙/玉髓	,未镶嵌	,"	",流程完成	,264465156	,畅畅来了	,6954352286003762619	,1	,是	,399	,通过	,"	","	","	","	",玛瑙	,"	","	","	",8.24g(不含链)	,金属未测	,饰品	,个	,合格	,完好无污损	,委托检测	,社会证明作用	,验证证书	,常温	
0787525724	,ZJ2607015282	,962607130052	,A54050301	,1	,2026-07-13 11:53:35	,2026-07-13 12:08:47	,2026-07-13 13:30:49	,2026-07-06 22:59:34	,云丹拉姆丨18K红肉财财六字真言锁骨链多样性发其一约45.6*12.6	,玛瑙/玉髓（覆膜）	,未镶嵌	,"	",流程完成	,264465156	,畅畅来了	,6927815304087240492	,1	,是	,价格较高	,通过	,"	","	","	",玛瑙	,玛瑙	,"	","	","	",15.82g(含绳)	,检测结论仅针对大桶珠	,挂坠	,个	,合格	,完好无污损	,委托检测	,社会证明作用	,验证证书	,常温	
0871411804	,ZJ2607027526	,962607130051	,A54050301	,1	,2026-07-13 11:51:42	,2026-07-13 12:09:03	,2026-07-13 13:29:39	,2026-07-13 13:30:19	,【云丹拉姆】红肉一眼万字天珠玛瑙手串多样性发其一	,玛瑙/玉髓（覆膜）	,未镶嵌	,"	",流程完成	,264465156	,畅畅来了	,6954365007092520126	,5.7	,否	,399	,通过	,"	","	","	",玛瑙	,玛瑙	,"	","	","	",19.52g	,"镶嵌配石未检,金属未测	",手链	,个	,合格	,完好无污损	,委托检测	,社会证明作用	,验证证书	,常温	
0921743452	,ZJ2606064349	,962607130052	,A54050301	,1	,2026-07-13 11:53:35	,2026-07-13 12:08:47	,2026-07-13 13:30:49	,2026-06-30 19:21:32	,【云丹拉姆】红肉一眼万字天珠玛瑙手串多样性发其一	,玛瑙/玉髓（覆膜）	,未镶嵌	,"	",流程完成	,264465156	,畅畅来了	,6954348060207355323	,1	,是	,399	,通过	,"	","	","	",玛瑙	,玛瑙	,"	","	","	",19.58g	,"镶嵌配石未检,木质配饰未检,金属未测	",手串	,个	,合格	,完好无污损	,委托检测	,社会证明作用	,验证证书	,常温	
1005629532	,ZJ2606045458	,962607130052	,A54050301	,1	,2026-07-13 11:53:35	,2026-07-13 12:08:47	,2026-07-13 13:30:49	,2026-06-23 19:01:22	,云丹拉姆丨金蟾橘肉莲师天珠手串多样性发其一	,玛瑙/玉髓（覆膜）	,未镶嵌	,"	",流程完成	,264465156	,畅畅来了	,6954364346417354182	,1	,是	,888	,通过	,"	","	","	","	",玛瑙	,"	","	","	",27.10g	,"蓝紫色配石未检,金属未测	",手串	,个	,合格	,完好无污损	,委托检测	,社会证明作用	,验证证书	,常温	
0938520668	,ZJ2512030299	,962607130052	,A54050301	,1	,2026-07-13 11:53:35	,2026-07-13 12:08:47	,2026-07-13 13:30:49	,2025-12-15 19:46:35	,云丹拉姆丨TY莲师F器天珠锁骨链多样性发其一	,玛瑙/玉髓（覆膜）	,未镶嵌	,"	",流程完成	,264465156	,畅畅来了	,6954352331821946299	,1	,是	,499	,通过	,"	","	","	","	",玛瑙	,银925	,"	","	",29.43g(含绳及签)	,镶嵌配石、黄色配石、红色不透明雕件未检;金属附着物未检	,挂件	,个	,合格	,完好无污损	,委托检测	,社会证明作用	,验证证书	,常温	
1072738396	,ZJ2603027300	,962607130052	,A54050301	,1	,2026-07-13 11:53:35	,2026-07-13 12:08:47	,2026-07-13 13:30:49	,2026-04-24 15:49:58	,云丹拉姆丨至纯F王F帽天珠锁骨链多样性发其一约42*11	,玛瑙/玉髓	,未镶嵌	,"	",流程完成	,264465156	,畅畅来了	,6954342798876284417	,1	,是	,499	,通过	,"	","	","	","	",玛瑙	,"	","	","	",20.17g(含绳及签)	,"尾珠未检;贵金属纯度为银925,金属隔珠、隔片未检	",挂件	,个	,合格	,完好无污损	,委托检测	,社会证明作用	,验证证书	,常温	
0972075100	,ZJ2603015130	,962607130052	,A54050301	,1	,2026-07-13 11:53:35	,2026-07-13 12:08:47	,2026-07-13 13:30:49	,2026-05-05 19:41:42	,云丹拉姆丨至纯F王F帽天珠锁骨链多样性发其一约42*11	,玛瑙/玉髓	,未镶嵌	,"	",流程完成	,264465156	,畅畅来了	,6927820020555873324	,1	,是	,499	,通过	,"	","	","	","	",玛瑙	,"	","	","	",19.11g(含绳及签)	,"圆珠未检;贵金属纯度为银925,金属隔珠、隔片未检	",挂件	,个	,合格	,完好无污损	,委托检测	,社会证明作用	,验证证书	,常温	
0854634588	,ZJ2607003161	,962607130052	,A54050301	,1	,2026-07-13 11:53:35	,2026-07-13 12:08:47	,2026-07-13 13:30:49	,2026-07-02 20:09:11	,云丹拉姆丨xy无往不利黑金达洛多宝天珠手串多样性发其一15.5*11	,玛瑙/玉髓（覆膜）	,未镶嵌	,"	",流程完成	,264465156	,畅畅来了	,6927828435596639515	,1	,是	,399	,通过	,"	","	","	","	",玛瑙	,"	","	","	",33.45g(含签)	,隔珠未检	,手串	,个	,合格	,完好无污损	,委托检测	,社会证明作用	,验证证书	,常温	
1039183964	,ZJ2607013694	,962607130052	,A54050301	,1	,2026-07-13 11:53:35	,2026-07-13 12:08:47	,2026-07-13 13:30:49	,2026-07-06 19:10:17	,云丹拉姆丨MH红肉【巨无霸超级大】达洛单珠多样性发其一	,玛瑙/玉髓	,未镶嵌	,"	",流程完成	,264465156	,畅畅来了	,6927767682965274300	,1	,是	,399	,通过	,"	","	","	","	",玛瑙	,"	","	","	",10.89g(含绳)	,"镶嵌配石未检,金属未测	",饰品	,个	,合格	,完好无污损	,委托检测	,社会证明作用	,验证证书	,常温	
0955273328	,ZJ2605020026	,962607130047	,A54046358	,7	,2026-07-13 11:41:55	,2026-07-13 13:12:23	,2026-07-13 13:40:34	,2026-06-15 20:05:02	,正品18k金瓜子扣圆珠吊坠空托珍珠扣头6-12mm珠diy硬度强手工配件	,18K金	,"	","	","	",147149707	,水贝怡喜18k金工艺	,6954410766509020344	,1	,是	,160	,通过	,"	","	","	","	","	",18K金	,"	","	",0.08g	,---	,饰品	,个	,合格	,完好无污损	,委托检测	,社会证明作用	,验证证书	,常温	
0334499952	,ZJ2607027473	,962607130047	,A54046358	,7	,2026-07-13 11:41:55	,2026-07-13 13:12:23	,2026-07-13 13:40:34	,2026-07-13 13:43:18	,正品18K金扣头U型吊坠扣万能扣卡扣夹扣耐用简约手工DIY配件	,18K金	,"	",0.1g	,"	",147149707	,水贝怡喜18k金工艺	,6927871649769225536	,4.75	,否	,200	,通过	,"	","	","	","	","	",18K金	,"	","	",0.15g	,耳堵未检	,饰品	,个	,合格	,完好无污损	,委托检测	,社会证明作用	,验证证书	,常温	
0602939504	,ZJ2607027474	,962607130047	,A54046358	,7	,2026-07-13 11:41:55	,2026-07-13 13:12:23	,2026-07-13 13:40:34	,2026-07-13 13:43:18	,正品18K金扣头U型吊坠扣万能扣卡扣夹扣耐用简约手工DIY配件	,18K金	,"	",0.1g	,"	",147149707	,水贝怡喜18k金工艺	,6927871649769160000	,4.75	,否	,250	,通过	,"	","	","	","	","	",18K金	,"	","	",0.16g	,耳堵未检	,饰品	,个	,合格	,完好无污损	,委托检测	,社会证明作用	,验证证书	,常温	
0233844848	,ZJ2607027471	,962607130047	,A54046358	,7	,2026-07-13 11:41:55	,2026-07-13 13:12:23	,2026-07-13 13:40:34	,2026-07-13 13:43:18	,纯18k扣头弹簧扣锁扣手链项链接头扣多用连接扣饰品diy双扣配饰	,18K金	,"	",0.01g	,"	",147149707	,水贝怡喜18k金工艺	,6954376331940926666	,4.75	,否	,200	,通过	,"	","	","	","	","	",18K金	,"	","	",0.14g	,弹簧扣部分金属未测	,饰品	,个	,合格	,完好无污损	,委托检测	,社会证明作用	,验证证书	,常温	
0770928752	,ZJ2607027472	,962607130047	,A54046358	,7	,2026-07-13 11:41:55	,2026-07-13 13:12:23	,2026-07-13 13:40:34	,2026-07-13 13:43:18	," 正品18k带圈龙虾扣梨形扣手工迷你复古手链项链手工diy 配件配饰	",18K金	,"	",0.01g	,"	",147149707	,水贝怡喜18k金工艺	,6927848587390058078	,4.75	,否	,580	,通过	,"	","	","	","	","	",18K金	,"	","	",0.40g	,弹簧扣部分金属未测	,饰品	,个	,合格	,完好无污损	,委托检测	,社会证明作用	,验证证书	,常温	
0603009137	,ZJ2607027423	,962607130038	,A54046415	,1	,2026-07-13 11:23:49	,2026-07-13 11:55:48	,2026-07-13 11:57:09	,2026-07-13 12:00:06	,正品18k金扣头吊坠扣手工配件玉坠扣小尺寸佛公观音树叶加厚夹扣	,18K金	,"	",0.01g	,"	",39703089	,周生金制造	,6927887172377804489	,4.75	,否	,220	,通过	,"	","	","	","	","	",18K金	,"	","	",0.13g	,---	,饰品	,个	,合格	,完好无污损	,委托检测	,社会证明作用	,验证证书	,常温	
0569454705	,ZJ2607027424	,962607130038	,A54046415	,1	,2026-07-13 11:23:49	,2026-07-13 11:55:48	,2026-07-13 11:57:09	,2026-07-13 12:00:06	,正品18k金扣头吊坠扣手工配件玉坠扣小尺寸佛公观音树叶加厚夹扣	,18K金	,"	",0.01g	,"	",39703089	,周生金制造	,6927874126088142429	,4.75	,否	,220	,通过	,"	","	","	","	","	",18K金	,"	","	",0.14g	,---	,饰品	,个	,合格	,完好无污损	,委托检测	,社会证明作用	,验证证书	,常温	
0300826615	,ZJ2607027425	,962607130039	,A54020330	,1	,2026-07-13 11:25:52	,2026-07-13 11:51:54	,2026-07-13 11:56:27	,2026-07-13 11:59:44	,【木萤·清和】大漆珠 天然水晶葡萄石绿阿塞多宝手串	,水晶	,未镶嵌	,"	","	",183215851	,幸禧慈	,6954393316175648347	,7.6	,否	,599	,通过	,"	","	","	","	",水晶	,"	","	","	",43.41g	,"另配葡萄石、萤石,彩绘圆珠、蓝色小圆珠未检	",手链	,个	,合格	,完好无污损	,委托检测	,社会证明作用	,验证证书	,常温	
0049311858	,ZJ2605019830	,962607130033	,A54046538	,1	,2026-07-13 11:19:53	,2026-07-13 11:30:36	,2026-07-13 11:44:07	,2026-05-07 21:49:02	,正品18K金扣头连接扣适用大珠链扣简约升级版万能扣手工diy配件	,18K金	,"	","	","	",108541169	,老金匠手艺金配饰	,6954415009148704662	,1	,是	,900	,通过	,"	","	","	","	","	",18K金	,"	","	",0.71g	,转轴部分金属未测	,饰品	,个	,合格	,完好无污损	,委托检测	,社会证明作用	,验证证书	,常温	
0049389682	,ZJ2605078152	,962607130033	,A54046538	,1	,2026-07-13 11:19:53	,2026-07-13 11:30:36	,2026-07-13 11:44:07	,2026-07-07 19:32:49	,简约18K金万能吊坠空托吊坠头12-16mm珠子耳坠扣头硬度强DIY配件	,18K金	,"	",0.01g	,"	",108541169	,老金匠手艺金配饰	,6927880044005130195	,1	,是	,180.5	,通过	,"	","	","	","	","	",18K金	,"	","	",0.09g	,---	,饰品	,个	,合格	,完好无污损	,委托检测	,社会证明作用	,验证证书	,常温	
0049389682	,ZJ2607016703	,962607130033	,A54046538	,1	,2026-07-13 11:19:53	,2026-07-13 11:30:36	,2026-07-13 11:44:07	,2026-07-07 19:32:49	,简约18K金万能吊坠空托吊坠头12-16mm珠子耳坠扣头硬度强DIY配件	,18K金	,"	",0.01g	,"	",108541169	,老金匠手艺金配饰	,6927880044005130195	,1	,是	,180.5	,通过	,"	","	","	","	","	",18K金	,"	","	",0.08g	,---	,饰品	,个	,合格	,完好无污损	,委托检测	,社会证明作用	,验证证书	,常温	
0166846589	,ZJ2606042104	,962607130035	,A54047308	,1	,2026-07-13 11:21:30	,2026-07-13 11:32:15	,2026-07-13 11:43:10	,2026-07-09 13:40:39	,翡翠18K金镶嵌耳饰妖紫糖果耳坠	,翡翠	,18K金镶嵌	,"	","	",118989779	,林娜珠宝	,6927907733848882785	,1	,是	,价格较高	,通过	,"	","	","	",钻石	,翡翠	,18K金	,"	","	",5.33g	,"商称:翡翠(A货);伴镶钻石,转轴部分金属未测	",耳饰	,个	,合格	,完好无污损	,委托检测	,社会证明作用	,验证证书	,常温	
0905166959	,ZJ2607027417	,962607130037	,A54046085	,1	,2026-07-13 11:23:02	,2026-07-13 11:57:04	,2026-07-13 11:58:57	,2026-07-13 12:00:06	,18K金吊坠配件古法金平安诸事顺遂精致迷你滴溜可配手链文玩挂件	,18K金	,"	",0.01g	,"	",90356475	,FEIYU翡宇珠宝18k金配件企业店	,6954421862825465452	,4.75	,否	,99.9	,通过	,"	","	","	","	","	",18K金	,"	","	",0.09g	,---	,饰品	,个	,合格	,完好无污损	,委托检测	,社会证明作用	,验证证书	,常温	
0972173423	,ZJ2607027420	,962607130037	,A54046085	,1	,2026-07-13 11:23:02	,2026-07-13 11:57:04	,2026-07-13 11:58:57	,2026-07-13 12:00:06	,925银银制品 正品金色万能扣吊坠项链连接扣轻奢手链高档配饰扣	,925银	,"	",0.5g	,"	",90356475	,FEIYU翡宇珠宝18k金配件企业店	,6954416947906352184	,4.75	,否	,80	,通过	,"	","	","	","	","	",银925	,"	","	",0.86g	,---	,饰品	,个	,合格	,完好无污损	,委托检测	,社会证明作用	,验证证书	,常温	
0284418158	,ZJ2607027418	,962607130037	,A54046085	,1	,2026-07-13 11:23:02	,2026-07-13 11:57:04	,2026-07-13 11:58:57	,2026-07-13 12:00:06	,万能18K金扣头项链扣开口玫瑰金锁扣百搭弹簧扣正品加厚通用配件	,18K金	,"	",0.01g	,"	",90356475	,FEIYU翡宇珠宝18k金配件企业店	,6954421499654969183	,4.75	,否	,280	,通过	,"	","	","	","	","	",18K金	,"	","	",0.20g	,弹簧扣部分金属未测	,饰品	,个	,合格	,完好无污损	,委托检测	,社会证明作用	,验证证书	,常温	
0569376879	,ZJ2606027623	,962607130037	,A54046085	,1	,2026-07-13 11:23:02	,2026-07-13 11:57:04	,2026-07-13 11:58:57	,2026-06-26 19:30:49	,金扣头不掉色18K金铜钱加厚吊坠配件玉坠玉器扣夹扣正品手工diy	,18K金	,"	","	","	",90356475	,FEIYU翡宇珠宝18k金配件企业店	,6927869122967469263	,1	,是	,230	,通过	,"	","	","	","	","	",18K金	,"	","	",0.14g	,---	,饰品	,个	,合格	,完好无污损	,委托检测	,社会证明作用	,验证证书	,常温	
1005588591	,ZJ2607018243	,962607130037	,A54046085	,1	,2026-07-13 11:23:02	,2026-07-13 11:57:04	,2026-07-13 11:58:57	,2026-07-08 19:08:06	,18K金弹簧扣项链手链金色扣头正品锁扣万能手绳双弹簧扣diy配件	,18K金	,"	",0.01g	,"	",90356475	,FEIYU翡宇珠宝18k金配件企业店	,6954393230124193704	,1	,是	,200	,通过	,"	","	","	","	","	",18K金	,"	","	",0.14g	,弹簧扣部分金属未测	,饰品	,个	,合格	,完好无污损	,委托检测	,社会证明作用	,验证证书	,常温	
0468746351	,ZJ2607027419	,962607130037	,A54046085	,1	,2026-07-13 11:23:02	,2026-07-13 11:57:04	,2026-07-13 11:58:57	,2026-07-13 12:00:06	,复古感18k金圆珠吊坠扣古法厚金活口珠盘扣粘扣可开百搭项坠空托	,18K金	,"	","	","	",90356475	,FEIYU翡宇珠宝18k金配件企业店	,6927870569254124748	,4.75	,否	,332.5	,通过	,"	","	","	","	","	",18K金	,"	","	",0.26g	,转轴部分金属未测	,饰品	,个	,合格	,完好无污损	,委托检测	,社会证明作用	,验证证书	,常温	
0384712676	,ZJ2607027407	,962607130032	,A54017256	,1	,2026-07-13 11:18:10	,2026-07-13 11:54:54	,2026-07-13 11:57:44	,2026-07-13 11:59:44	,郝***）合金玛瑙/玉髓颈饰钟志明	,玛瑙/玉髓	,合金	,"	","	",111932885	,周老师甄选珠宝二店	,6954391702564836442	,3.8	,否	,499	,通过	,"	","	","	","	",玛瑙	,"	","	","	",19.54g(含绳)	,检测结论仅针对大桶珠	,挂坠	,个	,合格	,完好无污损	,委托检测	,社会证明作用	,验证证书	,常温	
0820603426	,ZJ2607027428	,962607130040	,A54032987	,1	,2026-07-13 11:26:55	,2026-07-13 13:08:52	,2026-07-13 13:17:33	,2026-07-13 13:19:44	,18K金镶嵌翡翠吊坠(不含链)吊坠	,翡翠	,18K金镶嵌	,"	","	",248605333	,貞寶館	,6954399255437055691	,5.7	,否	,价格较高	,通过	,"	","	","	","	",翡翠	,18K金	,"	","	",4.60g(含链及签)	,商称:翡翠(A货);配链为银S925	,挂坠	,个	,合格	,完好无污损	,委托检测	,社会证明作用	,验证证书	,常温	
0804233185	,ZJ2607027406	,962607130032	,A54017256	,1	,2026-07-13 11:18:10	,2026-07-13 11:54:54	,2026-07-13 11:57:44	,2026-07-13 11:59:44	,中***梦玛瑙/玉髓合金颈饰上肯	,玛瑙/玉髓	,合金	,"	","	",111932885	,周老师甄选珠宝二店	,6927840669436641249	,3.8	,否	,600	,通过	,"	","	","	","	",玛瑙	,"	","	","	",23.21g(含绳)	,检测结论仅针对大桶珠	,挂坠	,个	,合格	,完好无污损	,委托检测	,社会证明作用	,验证证书	,常温	
0283955172	,ZJ2607027405	,962607130032	,A54017256	,1	,2026-07-13 11:18:10	,2026-07-13 11:54:54	,2026-07-13 11:57:44	,2026-07-13 11:59:44	,³***³玛瑙/玉髓颈饰合金上肯	,玛瑙/玉髓	,合金	,"	","	",111932885	,周老师甄选珠宝二店	,6927843396993842365	,3.8	,否	,599	,通过	,"	","	","	","	",玛瑙	,"	","	","	",16.07g(含绳)	,检测结论仅针对大桶珠	,挂坠	,个	,合格	,完好无污损	,委托检测	,社会证明作用	,验证证书	,常温	
0200077283	,ZJ2607027408	,962607130032	,A54017256	,1	,2026-07-13 11:18:10	,2026-07-13 11:54:54	,2026-07-13 11:57:44	,2026-07-13 11:59:44	,布***大颈饰合金玛瑙/玉髓钟志明	,玛瑙/玉髓	,合金	,"	","	",111932885	,周老师甄选珠宝二店	,6927858684840934627	,3.8	,否	,650	,通过	,"	","	","	","	",玛瑙	,"	","	","	",22.89g(含绳)	,检测结论仅针对大桶珠	,挂坠	,个	,合格	,完好无污损	,委托检测	,社会证明作用	,验证证书	,常温	
0803826210	,ZJ2607027427	,962607130040	,A54032987	,1	,2026-07-13 11:26:55	,2026-07-13 13:08:52	,2026-07-13 13:17:33	,2026-07-13 13:19:44	,18K金镶嵌翡翠吊坠(不含链)吊坠	,翡翠	,18K金镶嵌	,"	","	",248605333	,貞寶館	,6954417147014354730	,5.7	,否	,价格较高	,通过	,"	","	","	","	",翡翠	,18K金	,"	","	",4.07g(含链及签)	,"商称:翡翠(A货);镶嵌配石未检,配链为银S925	",挂坠	,个	,合格	,完好无污损	,委托检测	,社会证明作用	,验证证书	,常温	
0149811171	,ZJ2606054337	,962607130032	,A54017256	,1	,2026-07-13 11:18:10	,2026-07-13 11:54:54	,2026-07-13 11:57:44	,2026-06-27 11:57:17	,玩***主玛瑙/玉髓合金颈饰钟志明	,玛瑙/玉髓	,合金	,"	","	",111932885	,周老师甄选珠宝二店	,6927858631705067455	,1	,是	,650	,通过	,"	","	","	","	",玛瑙	,"	","	","	",18.64g(含绳)	,检测结论仅针对大桶珠	,挂坠	,个	,合格	,完好无污损	,委托检测	,社会证明作用	,验证证书	,常温	
0870935074	,ZJ2607027430	,962607130040	,A54032987	,1	,2026-07-13 11:26:55	,2026-07-13 13:08:52	,2026-07-13 13:17:33	,2026-07-13 13:19:44	,福利项链，海水珍珠，多样性发货发一条	,海水珍珠	,18K金镶嵌	,"	","	",248605333	,貞寶館	,6927889386340057032	,19	,否	,价格较高	,通过	,"	","	","	","	",海水珍珠	,18K金	,"	","	",11.45g(含签)	,"另配珍珠、翡翠,弹簧扣部分金属未测,内部细丝部分金属未测,定位扣金属未测	",项链	,个	,合格	,完好无污损	,委托检测	,社会证明作用	,验证证书	,常温	
0569323491	,ZJ2606048782	,962607130032	,A54017256	,1	,2026-07-13 11:18:10	,2026-07-13 11:54:54	,2026-07-13 11:57:44	,2026-06-25 12:03:09	,久***了玛瑙/玉髓颈饰合金上肯	,玛瑙/玉髓	,合金	,"	","	",111932885	,周老师甄选珠宝二店	,6954362347949921795	,1	,是	,599	,通过	,"	","	","	","	",玛瑙	,"	","	","	",20.26g(含绳)	,检测结论仅针对大桶珠	,挂坠	,个	,合格	,完好无污损	,委托检测	,社会证明作用	,验证证书	,常温	
0065632802	,ZJ2607027429	,962607130040	,A54032987	,1	,2026-07-13 11:26:55	,2026-07-13 13:08:52	,2026-07-13 13:17:33	,2026-07-13 13:19:44	,福利项链，海水珍珠，多样性发货发一条	,海水珍珠	,18K金镶嵌	,"	","	",248605333	,貞寶館	,6954414927872137002	,19	,否	,价格较高	,通过	,"	","	","	","	",海水珍珠	,18K金	,"	","	",10.95g(含签)	,"另配珍珠、翡翠,弹簧扣部分金属未测,内部细丝部分金属未测,定位扣金属未测	",项链	,个	,合格	,完好无污损	,委托检测	,社会证明作用	,验证证书	,常温	
0149518882	,ZJ2607027426	,962607130040	,A54032987	,1	,2026-07-13 11:26:55	,2026-07-13 13:08:52	,2026-07-13 13:17:33	,2026-07-13 13:19:44	,耳饰18K金镶嵌翡翠耳饰	,翡翠	,18K金镶嵌	,"	","	",248605333	,貞寶館	,6927872232862022745	,5.7	,否	,价格较高	,通过	,"	","	","	","	",翡翠	,18K金	,"	","	",1.09g	,商称:翡翠(A货)	,耳饰	,个	,合格	,完好无污损	,委托检测	,社会证明作用	,验证证书	,常温	
0736713250	,ZJ2607027437	,962607130041	,A54044765	,1	,2026-07-13 11:27:40	,2026-07-13 13:39:07	,2026-07-13 13:42:25	,2026-07-13 13:43:52	,翡翠颈饰18K金镶嵌颈饰	,翡翠	,18K金镶嵌	,"	","	",248605333	,貞寶館	,6954414938703468518	,5.7	,否	,价格较高	,通过	,"	","	","	","	",翡翠	,"	","	","	",23.44g(含签)	,"商称:翡翠(A货);白色配石未检,金属配件为18K金,转轴部分金属未测	",项链	,个	,合格	,完好无污损	,委托检测	,社会证明作用	,验证证书	,常温	
0904489506	,ZJ2607027436	,962607130041	,A54044765	,1	,2026-07-13 11:27:40	,2026-07-13 13:39:07	,2026-07-13 13:42:25	,2026-07-13 13:43:52	,18K金镶嵌吊坠(不含链)翡翠吊坠	,翡翠	,18K金镶嵌	,"	","	",248605333	,貞寶館	,6927876284488973649	,5.7	,否	,价格较高	,通过	,"	","	","	","	",翡翠	,18K金	,"	","	",13.11g(含链及签)	,"商称:翡翠(A货);镶嵌配石未检,配链未检	",挂坠	,个	,合格	,完好无污损	,委托检测	,社会证明作用	,验证证书	,常温	
0585900001	,ZJ2607027414	,962607130034	,A54045281	,1	,2026-07-13 11:20:45	,2026-07-13 11:54:14	,2026-07-13 11:55:46	,2026-07-13 11:59:44	,香港王老板-珍珠项链多样性发一7d431	,淡水珍珠	,未镶嵌	,"	","	",285099148	,大玉儿珠宝3	,6954373281294128211	,7.6	,否	,价格较高	,通过	,"	","	","	","	",珍珠	,"	","	","	",82.21g	,"另配蜜蜡,镶嵌配石、雕件、粉紫色小桶珠未检,金属未测	",项链	,个	,合格	,完好无污损	,委托检测	,社会证明作用	,验证证书	,常温	
0837380642	,ZJ2607027435	,962607130041	,A54044765	,1	,2026-07-13 11:27:40	,2026-07-13 13:39:07	,2026-07-13 13:42:25	,2026-07-13 13:43:52	,吊坠(不含链)18K金镶嵌翡翠吊坠	,翡翠	,18K金镶嵌	,"	","	",248605333	,貞寶館	,6927872510181932816	,5.7	,否	,价格较高	,通过	,"	","	","	","	",翡翠	,18K金	,"	","	",8.88g(含链及签)	,"商称:翡翠(A货);镶嵌配石未检,配链未检	",挂坠	,个	,合格	,完好无污损	,委托检测	,社会证明作用	,验证证书	,常温	
0988375586	,ZJ2607027434	,962607130041	,A54044765	,1	,2026-07-13 11:27:40	,2026-07-13 13:39:07	,2026-07-13 13:42:25	,2026-07-13 13:43:52	,18K金镶嵌翡翠吊坠(不含链)吊坠	,翡翠	,18K金镶嵌	,"	","	",248605333	,貞寶館	,6927859938898115765	,5.7	,否	,价格较高	,通过	,"	","	","	","	",翡翠	,18K金	,"	","	",13.20g(含链及签)	,"商称:翡翠(A货);刻面、绿色配石未检,转轴部分金属未测,配链未检	",挂坠	,个	,合格	,完好无污损	,委托检测	,社会证明作用	,验证证书	,常温	
1021930018	,ZJ2607027432	,962607130041	,A54044765	,1	,2026-07-13 11:27:40	,2026-07-13 13:39:07	,2026-07-13 13:42:25	,2026-07-13 13:43:52	,翡翠18K金镶嵌吊坠(不含链)吊坠	,翡翠	,18K金镶嵌	,"	","	",248605333	,貞寶館	,6954369102285378792	,5.7	,否	,价格较高	,通过	,"	","	","	","	",翡翠	,18K金	,"	","	",18.04g(含链及签)	,"商称:翡翠(A货);镶嵌配石未检,配链未检	",挂坠	,个	,合格	,完好无污损	,委托检测	,社会证明作用	,验证证书	,常温	
0854157858	,ZJ2607027433	,962607130041	,A54044765	,1	,2026-07-13 11:27:40	,2026-07-13 13:39:07	,2026-07-13 13:42:25	,2026-07-13 13:43:52	,18K金镶嵌翡翠吊坠(不含链)吊坠	,翡翠	,18K金镶嵌	,"	","	",248605333	,貞寶館	,6954393736174507734	,5.7	,否	,价格较高	,通过	,"	","	","	","	",翡翠	,18K金	,"	","	",11.58g(含链及签)	,"商称:翡翠(A货);镶嵌配石未检,配链未检	",挂坠	,个	,合格	,完好无污损	,委托检测	,社会证明作用	,验证证书	,常温	
0317368864	,ZJ2607027431	,962607130041	,A54044765	,1	,2026-07-13 11:27:40	,2026-07-13 13:39:07	,2026-07-13 13:42:25	,2026-07-13 13:43:52	,18K金镶嵌吊坠(不含链)翡翠吊坠	,翡翠	,18K金镶嵌	,"	","	",248605333	,貞寶館	,6954405592122332162	,5.7	,否	,价格较高	,通过	,"	","	","	","	",翡翠	,18K金	,"	","	",8.90g(含链及签)	,"商称:翡翠(A货);镶嵌配石未检,配链未检	",挂坠	,个	,合格	,完好无污损	,委托检测	,社会证明作用	,验证证书	,常温	
0686936126	,ZJ2607027416	,962607130036	,A54032374	,1	,2026-07-13 11:22:12	,2026-07-13 11:53:04	,2026-07-13 11:54:49	,2026-07-13 11:55:18	,suichen/穗辰天然石英质玉时尚气质百搭女士精美佛公简约轻奢吊坠	,石英质玉	,银S925镶嵌	,"	","	",94959343	,绘龄珠宝	,6954401023931257943	,5.7	,否	,368	,通过	,"	","	","	",石英质玉	,石英质玉	,银925	,"	","	",6.72g	,镶嵌配石未检	,挂坠	,个	,合格	,完好无污损	,委托检测	,社会证明作用	,验证证书	,常温	
0569335741	,ZJ2607027386	,962607130028	,A54005917	,1	,2026-07-13 11:10:05	,2026-07-13 11:48:16	,2026-07-13 11:50:22	,2026-07-13 11:55:18	,天然和田玉糖白玉平安卡（31*8）N35	,和田玉	,未镶嵌	,"	","	",38169491	,铭昌福	,6954352681552320132	,3.8	,否	,价格较高	,通过	,"	","	","	","	",和田玉	,"	","	","	",23.34g(含绳)	,"镶嵌配石未检,配珠未检,金属未测	",挂坠	,个	,合格	,完好无污损	,委托检测	,社会证明作用	,验证证书	,常温	
0820953021	,ZJ2607027388	,962607130028	,A54005917	,1	,2026-07-13 11:10:05	,2026-07-13 11:48:16	,2026-07-13 11:50:22	,2026-07-13 11:55:18	,天然和田玉俄料黑猫手串8mmJ28	,和田玉	,未镶嵌	,"	","	",38169491	,铭昌福	,6927839370772380828	,5.7	,否	,300	,通过	,"	","	","	","	",和田玉	,"	","	","	",18.66g	,"镶嵌配石未检,金属未测	",手链	,个	,合格	,完好无污损	,委托检测	,社会证明作用	,验证证书	,常温	
0804175805	,ZJ2607027387	,962607130028	,A54005917	,1	,2026-07-13 11:10:05	,2026-07-13 11:48:16	,2026-07-13 11:50:22	,2026-07-13 11:55:18	,天然和田玉俄料黑猫手串8mmJ28	,和田玉	,未镶嵌	,"	","	",38169491	,铭昌福	,6954370000828110032	,5.7	,否	,300	,通过	,"	","	","	","	",和田玉	,"	","	","	",18.46g	,"镶嵌配石未检,金属未测	",手链	,个	,合格	,完好无污损	,委托检测	,社会证明作用	,验证证书	,常温	
0586240078	,ZJ2607027401	,962607130030	,A54045571	,1	,2026-07-13 11:13:09	,2026-07-13 11:49:58	,2026-07-13 11:52:02	,2026-07-13 11:55:18	,沉香【玉兔衔宝】G收藏级11mm绿奇楠沉香手串和田糖玉黎峒多样发一	,沉香	,未镶嵌	,"	",已流转	,278126254	,大观天境	,6954414870904640684	,5.7	,否	,价格较高	,通过	,"	","	","	","和田玉,银S925	",和田玉	,"	","	","	",13.40g(含签)	,"金属配件为银S925,木质配饰未检	",手串	,个	,合格	,完好无污损	,委托检测	,社会证明作用	,验证证书	,常温	
0317964370	,ZJ2607027400	,962607130030	,A54045571	,1	,2026-07-13 11:13:09	,2026-07-13 11:49:58	,2026-07-13 11:52:02	,2026-07-13 11:55:18	,沉香【寸心许多】G收藏级4mm和田玉三圈绿奇楠圆珠沉香手串海南黎峒	,沉香	,未镶嵌	,4克	,已流转	,278126254	,大观天境	,6927871674821803452	,5.7	,否	,899	,通过	,"	","	","	","和田玉,银S925	",和田玉	,"	","	","	",6.77g(含签)	,"金属配件为银S925,木质配饰未检	",手串	,个	,合格	,完好无污损	,委托检测	,社会证明作用	,验证证书	,常温	
0149995604	,ZJ2607027395	,962607130030	,A54045571	,1	,2026-07-13 11:13:09	,2026-07-13 11:49:58	,2026-07-13 11:52:02	,2026-07-13 11:55:18	,沉香【作春妍】S毕业级6mm和田玉双圈绿奇楠圆珠沉香手串海南黎峒	,沉香	,未镶嵌	,5-6克	,已流转	,278126254	,大观天境	,6927873883493793242	,5.7	,否	,389	,通过	,"	","	","	","和田玉,银S925	",和田玉	,"	","	","	",9.68g(含签)	,"金属配件为银S925,木质配饰未检	",手串	,个	,合格	,完好无污损	,委托检测	,社会证明作用	,验证证书	,常温	
0418627668	,ZJ2607027393	,962607130030	,A54045571	,1	,2026-07-13 11:13:09	,2026-07-13 11:49:58	,2026-07-13 11:52:02	,2026-07-13 11:55:18	,沉香【作春妍】S毕业级6mm和田玉双圈绿奇楠圆珠沉香手串海南黎峒	,沉香	,未镶嵌	,5-6克	,已流转	,278126254	,大观天境	,6954403267142489565	,5.7	,否	,389	,通过	,"	","	","	","和田玉,银S925	",和田玉	,"	","	","	",9.18g(含签)	,"金属配件为银S925,木质配饰未检	",手串	,个	,合格	,完好无污损	,委托检测	,社会证明作用	,验证证书	,常温	
0368279644	,ZJ2607027396	,962607130030	,A54045571	,1	,2026-07-13 11:13:09	,2026-07-13 11:49:58	,2026-07-13 11:52:02	,2026-07-13 11:55:18	,沉香【见青松】S毕业级8mm和田玉双圈绿奇楠圆珠沉香手串海南黎峒	,沉香	,未镶嵌	,5-6克	,已流转	,278126254	,大观天境	,6927869319332003419	,5.7	,否	,599	,通过	,"	","	","	","和田玉,银S925	",和田玉	,"	","	","	",15.17g(含绳及签)	,"金属配件为银S925,木质配饰未检	",手串	,个	,合格	,完好无污损	,委托检测	,社会证明作用	,验证证书	,常温	
0066060371	,ZJ2607027398	,962607130030	,A54045571	,1	,2026-07-13 11:13:09	,2026-07-13 11:49:58	,2026-07-13 11:52:02	,2026-07-13 11:55:18	,沉香【作春妍】S毕业级6mm和田玉双圈绿奇楠圆珠沉香手串海南黎峒	,沉香	,未镶嵌	,5-6克	,已流转	,278126254	,大观天境	,6927871675752218400	,5.7	,否	,389	,通过	,"	","	","	","和田玉,银S925	",和田玉	,"	","	","	",9.57g(含签)	,"金属配件为银S925,木质配饰未检	",手串	,个	,合格	,完好无污损	,委托检测	,社会证明作用	,验证证书	,常温	
0603144284	,ZJ2607027397	,962607130030	,A54045571	,1	,2026-07-13 11:13:09	,2026-07-13 11:49:58	,2026-07-13 11:52:02	,2026-07-13 11:55:18	,沉香【见青松】S毕业级8mm和田玉双圈绿奇楠圆珠沉香手串海南黎峒	,沉香	,未镶嵌	,5-6克	,已流转	,278126254	,大观天境	,6954417286439376146	,5.7	,否	,599	,通过	,"	","	","	","和田玉,银S925	",和田玉	,"	","	","	",14.99g(含绳及签)	,"金属配件为银S925,木质配饰未检	",手串	,个	,合格	,完好无污损	,委托检测	,社会证明作用	,验证证书	,常温	
0015958095	,ZJ2607027399	,962607130030	,A54045571	,1	,2026-07-13 11:13:09	,2026-07-13 11:49:58	,2026-07-13 11:52:02	,2026-07-13 11:55:18	,沉香【沐清泽】S毕业级6mm圆珠流珠和田玉绿奇楠沉香手串海南黎峒	,沉香	,未镶嵌	,10-11克	,已流转	,278126254	,大观天境	,6954408263144838738	,5.7	,否	,799	,通过	,"	","	","	","和田玉,银S925	",和田玉	,"	","	","	",18.39g(含绳及签)	,"金属配件为银S925,木质配饰未检	",饰品	,个	,合格	,完好无污损	,委托检测	,社会证明作用	,验证证书	,常温	
0183697484	,ZJ2607027394	,962607130030	,A54045571	,1	,2026-07-13 11:13:09	,2026-07-13 11:49:58	,2026-07-13 11:52:02	,2026-07-13 11:55:18	,沉香【作春妍】S毕业级6mm和田玉双圈绿奇楠圆珠沉香手串海南黎峒	,沉香	,未镶嵌	,5-6克	,已流转	,278126254	,大观天境	,6954408169650591475	,5.7	,否	,389	,通过	,"	","	","	","和田玉,银S925	",和田玉	,"	","	","	",9.10g(含签)	,"金属配件为银S925,木质配饰未检	",手串	,个	,合格	,完好无污损	,委托检测	,社会证明作用	,验证证书	,常温	
0898239819	,ZJ2607027402	,962607130031	,A54038194	,1	,2026-07-13 11:15:29	,2026-07-13 11:50:28	,2026-07-13 11:53:32	,2026-07-13 11:55:18	,佛***司未镶嵌耳饰翡翠签收后24小时鉴赏期	,翡翠	,未镶嵌	,"	","	",8361781	,玉赢聚宝轩商行	,6927873720936266991	,3.8	,否	,价格较高	,通过	,"	","	","	","	",翡翠	,"	","	","	",9.33g	,"褐黄色颜色成因未定;镶嵌配石未检,金属未测	",耳饰	,个	,合格	,完好无污损	,委托检测	,社会证明作用	,验证证书	,常温	
0998903115	,ZJ2607015470	,962607130031	,A54038194	,1	,2026-07-13 11:15:29	,2026-07-13 11:50:28	,2026-07-13 11:53:32	,2026-07-07 11:54:29	,18K金镶嵌翡翠耳饰签收后24小时鉴赏期	,翡翠	,18K金镶嵌	,"	","	",8361781	,玉赢聚宝轩商行	,6954400523653158715	,1	,是	,价格较高	,通过	,"	","	","	","	",翡翠	,18K金	,"	","	",4.75g	,"商称:翡翠(A货);镶嵌配石未检,转轴部分金属未测	",耳饰	,个	,合格	,完好无污损	,委托检测	,社会证明作用	,验证证书	,常温	
0982125899	,ZJ2607015471	,962607130031	,A54038194	,1	,2026-07-13 11:15:29	,2026-07-13 11:50:28	,2026-07-13 11:53:32	,2026-07-07 11:54:29	,翡翠耳饰18K金镶嵌签收后24小时鉴赏期	,翡翠	,18K金镶嵌	,"	","	",8361781	,玉赢聚宝轩商行	,6927867102919688124	,1	,是	,价格较高	,通过	,"	","	","	","	",翡翠	,18K金	,"	","	",3.90g	,"商称:翡翠(A货);镶嵌配石未检,耳堵未检	",耳饰	,个	,合格	,完好无污损	,委托检测	,社会证明作用	,验证证书	,常温	
0653041612	,ZJ2607027390	,962607130029	,A53999595	,1	,2026-07-13 11:10:17	,2026-07-13 13:11:07	,2026-07-13 13:13:02	,2026-07-13 13:19:44	,潆绿 冰种金丝阳绿翡翠蛋面18k戒指 天然缅甸翡翠	,翡翠	,18K金镶嵌	,"	","	",3464395	,随园雅集的珠宝	,6954368004136113413	,5.7	,否	,价格较高	,通过	,"	","	","	","	",翡翠	,18K金	,"	","	",2.38g	,商称:翡翠(A货)	,戒指	,个	,合格	,完好无污损	,委托检测	,社会证明作用	,验证证书	,常温	
0116158368	,ZJ2607027392	,962607130029	,A53999595	,1	,2026-07-13 11:10:17	,2026-07-13 13:11:07	,2026-07-13 13:13:02	,2026-07-13 13:19:44	,翡翠戒指18K金镶嵌翡翠戒指	,翡翠	,18K金镶嵌	,"	","	",3464395	,随园雅集的珠宝	,6927860711471611213	,5.7	,否	,价格较高	,通过	,"	","	","	","	",翡翠	,18K金	,"	","	",1.30g	,商称:翡翠(A货);镶嵌配石未检	,戒指	,个	,合格	,完好无污损	,委托检测	,社会证明作用	,验证证书	,常温	
0099377056	,ZJ2607027389	,962607130029	,A53999595	,1	,2026-07-13 11:10:17	,2026-07-13 13:11:07	,2026-07-13 13:13:02	,2026-07-13 13:19:44	,【如意】满绿翡翠珠链手链项链两用18k 天然缅甸翡翠	,翡翠	,18K金镶嵌	,"	","	",3464395	,随园雅集的珠宝	,6927831464135982251	,5.7	,否	,价格较高	,通过	,"	","	","	","	",翡翠	,"	","	","	",18.22g	,"商称:翡翠(A货);金属配件为18K金,转轴部分金属未测	",项链	,个	,合格	,完好无污损	,委托检测	,社会证明作用	,验证证书	,常温	
0787242912	,ZJ2607027391	,962607130029	,A53999595	,1	,2026-07-13 11:10:17	,2026-07-13 13:11:07	,2026-07-13 13:13:02	,2026-07-13 13:11:04	,福禄平安·冰种阳绿翡翠平安扣葫芦开口18k戒指 其二	,翡翠	,18K金镶嵌	,"	","	",3464395	,随园雅集的珠宝	,6954350096364279045	,0	,否	,价格较高	,不通过	,Q008	,部分金属因镶嵌方式影响得不到稳定数据	,"	","	","	","	","	","	",3.93g	,"	","	",个	,不合格	,驳回	,委托检测	,社会证明作用	,验证证书	,常温	
0702340238	,ZJ2510035054	,962607130027	,A54039711	,1	,2026-07-13 11:08:38	,2026-07-13 11:52:32	,2026-07-13 11:54:18	,2025-10-16 12:01:47	,酒红色大气毛衣未镶嵌链天然玛瑙通透满色内有自然花纹可调节	,玛瑙/玉髓	,未镶嵌	,"	","	",25283125	,周姐玉玉器店	,6954390265382311790	,1	,是	,395	,通过	,"	","	","	","	",玛瑙	,"	","	","	",36.28g(含绳)	,珠形未检	,吊坠	,个	,合格	,完好无污损	,委托检测	,社会证明作用	,验证证书	,常温	
1071438990	,ZJ2607027384	,962607130027	,A54039711	,1	,2026-07-13 11:08:38	,2026-07-13 11:52:32	,2026-07-13 11:54:18	,2026-07-13 11:55:18	,未镶嵌和田玉颈饰	,和田玉	,未镶嵌	,"	","	",25283125	,周姐玉玉器店	,6954389388826121993	,5.7	,否	,158	,通过	,"	","	","	","	",和田玉	,银925	,"	","	",4.82g	,---	,耳饰	,个	,合格	,完好无污损	,委托检测	,社会证明作用	,验证证书	,常温	
1055928433	,ZJ2607027377	,962607130024	,A54046390	,1	,2026-07-13 11:01:05	,2026-07-13 13:51:01	,2026-07-13 13:52:05	,2026-07-13 13:50:58	,天然收藏级俄料碧玉葫芦吊坠18k金女高档绿玉石项链挂坠节日礼物	,和田玉	,18K金镶嵌	,"	","	",1563839	,忆八福珠宝	,6954421621397264302	,0	,否	,价格较高	,不通过	,Q022	,配镶混蓝宝石，过小无法确定天然	,"	","	",和田玉	,18K金	,"	","	",9.28g(含链)	,"镶嵌配石未检,配链为银S925	",挂坠	,个	,不合格	,驳回	,委托检测	,社会证明作用	,验证证书	,常温	
0099663985	,ZJ2607027371	,962607130024	,A54046390	,1	,2026-07-13 11:01:05	,2026-07-13 13:51:01	,2026-07-13 13:52:05	,2026-07-13 13:52:33	,收藏级巴西黄水晶切面浓郁黄色车轮珠随形招财天然水晶串珠手串	,黄晶	,未镶嵌	,"	","	",1563839	,忆八福珠宝	,6954402641356723859	,7.6	,否	,198	,通过	,"	","	","	","	",黄晶	,"	","	","	",9.04g	,---	,手链	,个	,合格	,完好无污损	,委托检测	,社会证明作用	,验证证书	,常温	
0905003121	,ZJ2607027367	,962607130024	,A54046390	,1	,2026-07-13 11:01:05	,2026-07-13 13:51:01	,2026-07-13 13:52:05	,2026-07-13 13:52:33	,天然收藏级俄料轻奢鸡油花珀黄老蜜蜡手链琥珀手串上等蜜蜡手串	,蜜蜡	,未镶嵌	,0g	,"	",1563839	,忆八福珠宝	,6954403360299029925	,9.5	,否	,价格较高	,通过	,"	","	","	","针钠钙石,南红玛瑙	",蜜蜡	,"	","	","	",25.25g	,另配玛瑙(商称:南红玛瑙)、针钠钙石	,手链	,个	,合格	,完好无污损	,委托检测	,社会证明作用	,验证证书	,常温	
0032571505	,ZJ2607027368	,962607130024	,A54046390	,1	,2026-07-13 11:01:05	,2026-07-13 13:51:01	,2026-07-13 13:52:05	,2026-07-13 13:52:33	,蜜蜡十二生肖八大守护神手链男女上等鸡油黄琥珀马年蜜蜡手串真品	,蜜蜡	,未镶嵌	,"	","	",1563839	,忆八福珠宝	,6927868559473409235	,9.5	,否	,668	,通过	,"	","	","	",南红玛瑙	,蜜蜡	,"	","	","	",16.28g	,"另配玛瑙(商称:南红玛瑙),金属未测	",手链	,个	,合格	,完好无污损	,委托检测	,社会证明作用	,验证证书	,常温	
0485748848	,ZJ2601011677	,962607130024	,A54046390	,1	,2026-07-13 11:01:05	,2026-07-13 13:51:01	,2026-07-13 13:52:05	,2026-05-26 12:31:09	,原矿巴西黄水晶手链精美天然女金橘黄男貔貅金发晶手串黄水晶手串	,水晶	,未镶嵌	,"	","	",1563839	,忆八福珠宝	,6954405438793978951	,1	,是	,898	,通过	,"	","	","	","	",水晶	,"	","	","	",28.81g	,---	,手链	,个	,合格	,完好无污损	,委托检测	,社会证明作用	,验证证书	,常温	
1055981681	,ZJ2607027370	,962607130024	,A54046390	,1	,2026-07-13 11:01:05	,2026-07-13 13:51:01	,2026-07-13 13:52:05	,2026-07-13 13:52:33	,真品南红玛瑙单圈红色本命佛手链11国风柿子红天然12MM南红手串	,南红玛瑙	,未镶嵌	,"	","	",1563839	,忆八福珠宝	,6927859538269339401	,5.7	,否	,598	,通过	,"	","	","	",南红玛瑙	,玛瑙	,"	","	","	",30.11g	,"商称:南红玛瑙;质地优化,金属未测	",手链	,个	,合格	,完好无污损	,委托检测	,社会证明作用	,验证证书	,常温	
0384901233	,ZJ2607027376	,962607130024	,A54046390	,1	,2026-07-13 11:01:05	,2026-07-13 13:51:01	,2026-07-13 13:52:05	,2026-07-13 13:52:33	,新疆和田玉项链羊脂玉白玉妈妈链天然玉石毛衣锁骨正宗珠宝玉手串	,和田玉（白玉）	,未镶嵌	,0g	,"	",1563839	,忆八福珠宝	,6954408398983992508	,5.7	,否	,398	,通过	,"	","	","	",和田玉	,和田玉	,"	","	","	",75.61g	,"另含其他矿物,金属未测	",项链	,个	,合格	,完好无污损	,委托检测	,社会证明作用	,验证证书	,常温	
0569503856	,ZJ2607027374	,962607130024	,A54046390	,1	,2026-07-13 11:01:05	,2026-07-13 13:51:01	,2026-07-13 13:52:05	,2026-07-13 13:52:33	,天然蓝针水晶手链海纹石转运珠精美异象蓝色圆珠女手串天使的羽毛	,水晶	,未镶嵌	,"	","	",1563839	,忆八福珠宝	,6927870505642720406	,7.6	,否	,468	,通过	,"	","	","	",针钠钙石	,水晶	,"	","	","	",18.50g	,"另配针钠钙石,金属未测	",手链	,个	,合格	,完好无污损	,委托检测	,社会证明作用	,验证证书	,常温	
1022398577	,ZJ2607027372	,962607130024	,A54046390	,1	,2026-07-13 11:01:05	,2026-07-13 13:51:01	,2026-07-13 13:52:05	,2026-07-13 13:52:33	,收藏级巴西黄水晶切面浓郁黄色车轮珠随形招财天然水晶串珠手串	,黄晶	,未镶嵌	,"	","	",1563839	,忆八福珠宝	,6927852773041208428	,7.6	,否	,798	,通过	,"	","	","	","	",黄晶	,"	","	","	",31.99g	,---	,手链	,个	,合格	,完好无污损	,委托检测	,社会证明作用	,验证证书	,常温	
1055969393	,ZJ2607027369	,962607130024	,A54046390	,1	,2026-07-13 11:01:05	,2026-07-13 13:51:01	,2026-07-13 13:52:05	,2026-07-13 13:52:33	,蜜蜡十二生肖八大守护神手链男女上等鸡油黄琥珀马年蜜蜡手串真品	,蜜蜡	,未镶嵌	,"	","	",1563839	,忆八福珠宝	,6927868540152085589	,9.5	,否	,价格较高	,通过	,"	","	","	",南红玛瑙	,蜜蜡	,"	","	","	",23.55g	,"另配玛瑙(商称:南红玛瑙),金属未测	",手链	,个	,合格	,完好无污损	,委托检测	,社会证明作用	,验证证书	,常温	
0049287281	,ZJ2607027375	,962607130024	,A54046390	,1	,2026-07-13 11:01:05	,2026-07-13 13:51:01	,2026-07-13 13:52:05	,2026-07-13 13:52:33	,正宗和田白玉手链16上等蜜蜡转运珠女手串10MM真品款玉石首饰礼物	,和田玉	,未镶嵌	,"	","	",1563839	,忆八福珠宝	,6927876158218928094	,5.7	,否	,388	,通过	,"	","	","	","	",和田玉	,"	","	","	",29.00g	,"另含其他矿物,黄色配珠未检,金属未测	",手链	,个	,合格	,完好无污损	,委托检测	,社会证明作用	,验证证书	,常温	
0586178673	,ZJ2607027373	,962607130024	,A54046390	,1	,2026-07-13 11:01:05	,2026-07-13 13:51:01	,2026-07-13 13:52:05	,2026-07-13 13:52:33	,天然南红玛瑙金龙珠手串红色镶嵌转运珠满色满肉单圈百搭南红手串	,南红玛瑙	,未镶嵌	,"	","	",1563839	,忆八福珠宝	,6927868905511026250	,5.7	,否	,价格较高	,通过	,"	","	","	",琥珀(蜜蜡)	,玛瑙	,"	","	","	",84.80g	,"商称:南红玛瑙;质地优化,宝石表面黄色未检,另配琥珀、黑曜岩	",手链	,个	,合格	,完好无污损	,委托检测	,社会证明作用	,验证证书	,常温	
0250769512	,ZJ2509063859	,962607130026	,A54045409	,1	,2026-07-13 11:03:35	,2026-07-13 11:40:28	,2026-07-13 11:42:18	,2025-09-28 12:00:16	,#7405满绿天然A货翡翠镂空龙纹梅花雕花珠子吊坠大佛珠	,翡翠	,未镶嵌	,"	","	",56381461	,膏膏古典翡翠珠宝首饰店	,6927876400311991389	,1	,是	,683	,通过	,"	","	","	","	",翡翠	,"	","	","	",18.48g	,商贸名称:翡翠(A货)	,饰品	,个	,合格	,完好无污损	,委托检测	,社会证明作用	,验证证书	,常温	
0149954645	,ZJ2607027382	,962607130026	,A54045409	,1	,2026-07-13 11:03:35	,2026-07-13 11:40:28	,2026-07-13 11:42:18	,2026-07-13 11:55:18	,特价一对冰种阳绿天然A货翡翠小平安扣	,翡翠	,未镶嵌	,"	","	",56381461	,膏膏古典翡翠珠宝首饰店	,6927859738928643344	,3.8	,否	,168	,通过	,"	","	","	","	",翡翠	,"	","	","	",0.81g	,商称:翡翠(A货)	,饰品	,个	,合格	,完好无污损	,委托检测	,社会证明作用	,验证证书	,常温	
0032591957	,ZJ2607027380	,962607130026	,A54045409	,1	,2026-07-13 11:03:35	,2026-07-13 11:40:28	,2026-07-13 11:42:18	,2026-07-13 11:55:18	,18K金冰种天然A货翡翠梅花耳钉 搭配冰绿翡翠蛋面镶嵌	,翡翠	,18K金镶嵌	,"	","	",56381461	,膏膏古典翡翠珠宝首饰店	,6927881757582327093	,5.7	,否	,700	,通过	,"	","	","	","	",翡翠	,18K金	,"	","	",1.40g	,"商称:翡翠(A货);镶嵌配石未检,耳堵未检	",耳饰	,个	,合格	,完好无污损	,委托检测	,社会证明作用	,验证证书	,常温	
0150188136	,ZJ2607027381	,962607130026	,A54045409	,1	,2026-07-13 11:03:35	,2026-07-13 11:40:28	,2026-07-13 11:42:18	,2026-07-13 11:55:18	,#M270 18K金飘阳绿缅甸天然A货翡翠如意锁锁骨吊坠挂坠 不含连	,翡翠	,18K金镶嵌	,"	","	",56381461	,膏膏古典翡翠珠宝首饰店	,6954408486693049798	,5.7	,否	,600	,通过	,"	","	","	",翡翠	,翡翠	,18K金	,"	","	",0.47g	,商称:翡翠(A货);弹簧扣部分金属未测	,挂坠	,个	,合格	,完好无污损	,委托检测	,社会证明作用	,验证证书	,常温	
0753950825	,ZJ2605035653	,962607130023	,A54041215	,1	,2026-07-13 11:00:42	,2026-07-13 11:36:03	,2026-07-13 11:37:32	,2026-06-26 18:00:42	,一对18K金耳圈耳环 万能耳圈 大金圈 素圈	,18K金	,"	",0.63g	,"	",62207185	,倾城翡翠臻选馆	,6927889650526027686	,1	,是	,792	,通过	,"	","	","	","	","	",18K金	,"	","	",0.67g	,---	,耳饰	,个	,合格	,完好无污损	,委托检测	,社会证明作用	,验证证书	,常温	
0703840341	,ZJ2607027365	,962607130023	,A54041215	,1	,2026-07-13 11:00:42	,2026-07-13 11:36:03	,2026-07-13 11:37:32	,2026-07-13 11:55:18	,#L503 糯底飘阳绿缅甸天然A货翡翠平安扣小环跑环 镶嵌耳坠裸石	,翡翠	,未镶嵌	,"	","	",62207185	,倾城翡翠臻选馆	,6927850556860235024	,3.8	,否	,230	,通过	,"	","	","	",翡翠	,翡翠	,"	","	","	",4.17g	,商称:翡翠(A货)	,饰品	,个	,合格	,完好无污损	,委托检测	,社会证明作用	,验证证书	,常温	
0082997355	,ZJ2607027379	,962607130025	,A54045675	,1	,2026-07-13 11:02:17	,2026-07-13 11:33:15	,2026-07-13 11:38:05	,2026-07-13 12:41:13	,果***胜未镶嵌颈饰玛瑙/玉髓	,玛瑙/玉髓	,未镶嵌	,"	","	",261482818	,尚品玉雕2号	,6927910116197695079	,5.7	,否	,199	,通过	,"	","	","	","	",玛瑙	,"	","	","	",55.11g(含绳)	,---	,项链	,个	,合格	,完好无污损	,委托检测	,社会证明作用	,验证证书	,常温	
0199998552	,ZJ2606031573	,962607130022	,A54050561	,1	,2026-07-13 10:57:56	,2026-07-13 11:47:02	,2026-07-13 11:49:29	,2026-06-18 13:49:12	,天然黄水晶圆珠手串小尺寸叠戴5mm（多样性发货一条）	,黄晶	,未镶嵌	,"	","	",104277096	,亿梦珠宝	,6954419351715583388	,1	,是	,298	,通过	,"	","	","	","	",黄晶	,"	","	","	",7.88g(含签)	,---	,手串	,个	,合格	,完好无污损	,委托检测	,社会证明作用	,验证证书	,常温	
0183221336	,ZJ2607027363	,962607130022	,A54050561	,1	,2026-07-13 10:57:56	,2026-07-13 11:47:02	,2026-07-13 11:49:29	,2026-07-13 11:55:18	,天然白水晶波波珠手串(多样性发货一条)	,水晶	,未镶嵌	,"	","	",104277096	,亿梦珠宝	,6927873891856120875	,7.6	,否	,180	,通过	,"	","	","	","	",水晶	,"	","	","	",32.53g(含签)	,---	,手链	,个	,合格	,完好无污损	,委托检测	,社会证明作用	,验证证书	,常温	
0216775768	,ZJ2607027362	,962607130022	,A54050561	,1	,2026-07-13 10:57:56	,2026-07-13 11:47:02	,2026-07-13 11:49:29	,2026-07-13 11:55:18	,天然紫黄圆珠设计手串12mm	,水晶	,未镶嵌	,"	","	",104277096	,亿梦珠宝	,6927889445192367756	,7.6	,否	,价格较高	,通过	,"	","	","	","	",水晶	,"	","	","	",40.31g(含签)	,"镶嵌配石未检,金属未测	",手链	,个	,合格	,完好无污损	,委托检测	,社会证明作用	,验证证书	,常温	
0233552984	,ZJ2607027361	,962607130022	,A54050561	,1	,2026-07-13 10:57:56	,2026-07-13 11:47:02	,2026-07-13 11:49:29	,2026-07-13 11:55:18	,手链未镶嵌黄晶天然黄水晶烟花切手串8到9mm	,黄晶	,未镶嵌	,"	","	",104277096	,亿梦珠宝	,6927871786958356103	,7.6	,否	,价格较高	,通过	,"	","	","	","	",黄晶	,"	","	","	",23.54g(含签)	,---	,手链	,个	,合格	,完好无污损	,委托检测	,社会证明作用	,验证证书	,常温	
0787312513	,ZJ2607027360	,962607130021	,A54042451	,1	,2026-07-13 10:56:00	,2026-07-13 11:24:28	,2026-07-13 11:25:11	,2026-07-13 11:55:18	,【小凤】18k金白贝母彩虹甜甜圈【活动】	,贝壳（贝母）	,18K金镶嵌	,"	","	",265724413	,秀英黄金玉石珠宝	,6954349684735743962	,3	,否	,599	,通过	,"	","	","	","	",贝壳	,18K金	,"	","	",1.44g	,刻面配石未检	,挂坠	,个	,合格	,完好无污损	,委托检测	,社会证明作用	,验证证书	,常温	
0536064108	,ZJ2607027322	,962607130011	,A54045831	,1	,2026-07-13 10:35:38	,2026-07-13 11:26:07	,2026-07-13 11:27:59	,2026-07-13 12:08:03	,紫罗兰妖紫色戒指手链两用款蛋面	,翡翠	,18K金镶嵌	,"	","	",5535780	,小程响珠宝店	,6954359443092477571	,5.7	,否	,价格较高	,通过	,"	","	","	","	",翡翠	,18K金	,"	","	",9.77g(含签)	,商称:翡翠(A货);伴镶钻石	,戒指	,个	,合格	,完好无污损	,委托检测	,社会证明作用	,验证证书	,常温	
0854380329	,ZJ2607024514	,962607130017	,A54023443	,1	,2026-07-13 10:49:29	,2026-07-13 11:12:30	,2026-07-13 11:15:34	,2026-07-11 20:24:18	,【海锋哥专属】庙街和田玉算盘珠DIY多宝手串（多样性发一）周长约14-15cm	,"和田玉,南红玛瑙	",银S925镶嵌	,"	","	",216441611	,庙街玉石旗舰店	,6927801179759279376	,1	,是	,价格较高	,通过	,"	","	","	","猛犸象牙,琥珀(蜜蜡),针钠钙石,青金石,绿松石	",绿松石	,银925	,"	","	",20.07g(含签)	,"另配玛瑙(商称:南红玛瑙)、青金石、蜜蜡、和田玉、针钠钙石,镶嵌配石、白色桶珠未检	",手链	,个	,合格	,完好无污损	,委托检测	,社会证明作用	,验证证书	,常温	
0955363445	,ZJ2607024091	,962607130016	,A54046821	,1	,2026-07-13 10:49:04	,2026-07-13 11:13:00	,2026-07-13 11:17:16	,2026-07-11 18:21:53	,【四宝臻品】18K金方块锁扣DIY螺旋拧扣古法配饰10*6*1mm多样性发货	,18K金	,"	","	","	",10829503	,四宝臻品1店	,6927874310049660093	,1	,是	,369	,通过	,"	","	","	","	","	",18K金	,"	","	",0.33g	,---	,饰品	,个	,合格	,完好无污损	,委托检测	,社会证明作用	,验证证书	,常温	
0519102498	,ZJ2607027348	,962607130018	,A54044521	,1	,2026-07-13 10:49:40	,2026-07-13 11:43:29	,2026-07-13 11:46:42	,2026-07-13 11:59:44	,传世级 和田玉黑羊洞薄荷奶绿高定手牌吊坠18K33*21*12mm±H070417	,和田玉	,18K金镶嵌	,"	","	",251166340	,恒正珠宝六店	,6927872623056748381	,5.7	,否	,价格较高	,通过	,"	","	","	","	",和田玉	,18K金	,"	","	",15.77g(含绳及签)	,"镶嵌配石未检,编绳金属未测	",饰品	,个	,合格	,完好无污损	,委托检测	,社会证明作用	,验证证书	,常温	
1022464117	,ZJ2606010671	,962607130013	,A54046818	,1	,2026-07-13 10:39:28	,2026-07-13 11:13:41	,2026-07-13 11:16:41	,2026-06-21 11:25:11	,【四宝臻品】18K金铜钱招财进宝DIY手链项链百搭延长链多样性发货	,18K金	,"	","	","	",21729898	,四宝臻品珠宝2店	,6927880838095863620	,1	,是	,769	,通过	,"	","	","	","	","	",18K金	,"	","	",0.65g	,---	,饰品	,个	,合格	,完好无污损	,委托检测	,社会证明作用	,验证证书	,常温	
0586178672	,ZJ2607027344	,962607130015	,A54046343	,1	,2026-07-13 10:45:29	,2026-07-13 11:25:36	,2026-07-13 11:32:14	,2026-07-13 11:59:44	,保真天然原矿蜜蜡925银镀金镶嵌耳钉规格11.2*11.2mm多样性发一	,蜜蜡	,银S925镀金镶嵌	,"	","	",167018445	,缘創珠宝	,6954401401472292623	,9.5	,否	,79.9	,通过	,"	","	","	","	",蜜蜡	,银925	,"	","	",1.64g	,"镶嵌配石未检,耳堵未检	",耳饰	,个	,合格	,完好无污损	,委托检测	,社会证明作用	,验证证书	,常温	
0535847024	,ZJ2607027345	,962607130015	,A54046343	,1	,2026-07-13 10:45:29	,2026-07-13 11:25:36	,2026-07-13 11:32:14	,2026-07-13 11:59:44	,保真天然原矿蜜蜡925银镀金镶嵌耳钉规格11.2*11.2mm多样性发一	,蜜蜡	,银S925镀金镶嵌	,"	","	",167018445	,缘創珠宝	,6954395165754726111	,9.5	,否	,79.9	,通过	,"	","	","	","	",蜜蜡	,银925	,"	","	",1.69g	,"镶嵌配石未检,耳堵未检	",耳饰	,个	,合格	,完好无污损	,委托检测	,社会证明作用	,验证证书	,常温	
0435261552	,ZJ2607027341	,962607130015	,A54046343	,1	,2026-07-13 10:45:29	,2026-07-13 11:25:36	,2026-07-13 11:32:14	,2026-07-13 11:59:44	,特价福利琥珀方糖项链珠宝玉器女款时尚百搭精美长链情侣极光	,琥珀	,未镶嵌	,"	","	",167018445	,缘創珠宝	,6954410005772244382	,9.5	,否	,49.9	,通过	,"	","	","	","	",琥珀	,"	","	","	",11.35g(含签)	,扣头未检	,项链	,个	,合格	,完好无污损	,委托检测	,社会证明作用	,验证证书	,常温	
0368152693	,ZJ2607027330	,962607130013	,A54046818	,1	,2026-07-13 10:39:28	,2026-07-13 11:13:41	,2026-07-13 11:16:41	,2026-07-13 12:08:18	,【米多多】18K金大米粒DIY橄榄隔珠百搭子弹珠时尚配饰多样性发货	,18K金	,"	","	","	",21729898	,四宝臻品珠宝2店	,6954405770367800776	,4.75	,否	,289	,通过	,"	","	","	","	","	",18K金	,"	","	",0.20g	,---	,饰品	,个	,合格	,完好无污损	,委托检测	,社会证明作用	,验证证书	,常温	
0535908464	,ZJ2607027343	,962607130015	,A54046343	,1	,2026-07-13 10:45:29	,2026-07-13 11:25:36	,2026-07-13 11:32:14	,2026-07-13 11:59:44	,特价福利琥珀方糖项链珠宝玉器女款时尚百搭精美长链情侣极光	,琥珀	,未镶嵌	,"	","	",167018445	,缘創珠宝	,6954403394180093406	,9.5	,否	,49.9	,通过	,"	","	","	","	",琥珀	,"	","	","	",11.07g(含签)	,扣头未检	,项链	,个	,合格	,完好无污损	,委托检测	,社会证明作用	,验证证书	,常温	
0535908464	,ZJ2607027342	,962607130015	,A54046343	,1	,2026-07-13 10:45:29	,2026-07-13 11:25:36	,2026-07-13 11:32:14	,2026-07-13 11:59:44	,特价福利琥珀方糖项链珠宝玉器女款时尚百搭精美长链情侣极光	,琥珀	,未镶嵌	,"	","	",167018445	,缘創珠宝	,6954403394180093406	,9.5	,否	,49.9	,通过	,"	","	","	","	",琥珀	,"	","	","	",11.17g(含签)	,扣头未检	,项链	,个	,合格	,完好无污损	,委托检测	,社会证明作用	,验证证书	,常温	
0988893329	,ZJ2607027355	,962607130020	,A54051056	,4	,2026-07-13 10:51:59	,2026-07-13 11:35:25	,2026-07-13 11:41:04	,2026-07-13 11:59:44	,QIAOZUN/巧尊天然玉髓10mm108颗珠链长款满绿毛衣链新中式国风	,玛瑙/玉髓	,银S925镀金镶嵌	,"	","	",6383680	,巧尊QIAOZUN	,6954403647380068108	,3	,否	,价格较高	,通过	,"	","	","	",玉髓	,玉髓	,"	","	","	",169.67g(含签)	,"镶嵌配石未检,金属配件为银S925	",项链	,个	,合格	,完好无污损	,委托检测	,社会证明作用	,验证证书	,常温	
0485580945	,ZJ2607027353	,962607130020	,A54051056	,4	,2026-07-13 10:51:59	,2026-07-13 11:35:25	,2026-07-13 11:41:04	,2026-07-13 11:59:44	,QIAOZUN/巧尊天然冰阳绿玉髓戒指大鸽子蛋椭圆蛋面大气银镀金镶嵌	,玛瑙/玉髓	,银S925镀金镶嵌	,15*20	,"	",6383680	,巧尊QIAOZUN	,6927910997644836326	,3	,否	,799	,通过	,"	","	","	",玉髓	,玉髓	,银925	,"	","	",11.47g(含签)	,镶嵌配石未检	,戒指	,个	,合格	,完好无污损	,委托检测	,社会证明作用	,验证证书	,常温	
1039290462	,ZJ2607027315	,962607130009	,A54042615	,1	,2026-07-13 10:32:01	,2026-07-13 11:27:24	,2026-07-13 11:29:33	,2026-07-13 12:08:03	,18K金镶嵌吊坠(不含链)翡翠葫芦	,翡翠	,18K金镶嵌	,"	","	",96288181	,曹玉轩珠宝	,6927889446822903235	,5.7	,否	,价格较高	,通过	,"	","	","	",钻石	,翡翠	,18K金	,"	","	",11.12g(含链及签)	,"商称:翡翠(A货);伴镶钻石,配链为银S925,转轴部分金属未测	",挂坠	,个	,合格	,完好无污损	,委托检测	,社会证明作用	,验证证书	,常温	
0284205201	,ZJ2607027356	,962607130020	,A54051056	,4	,2026-07-13 10:51:59	,2026-07-13 11:35:25	,2026-07-13 11:41:04	,2026-07-13 11:59:44	,QIAOZUN/巧尊天然玉髓大无事牌吊坠满绿挂件简约国风大气高品质	,玛瑙/玉髓	,银S925镀金镶嵌	,"	","	",6383680	,巧尊QIAOZUN	,6954409034551858605	,3	,否	,价格较高	,通过	,"	","	","	",玉髓	,玉髓	,银925	,"	","	",107.39g(含绳及签)	,镶嵌配石未检	,挂坠	,个	,合格	,完好无污损	,委托检测	,社会证明作用	,验证证书	,常温	
0267427985	,ZJ2607027357	,962607130020	,A54051056	,4	,2026-07-13 10:51:59	,2026-07-13 11:35:25	,2026-07-13 11:41:04	,2026-07-13 11:59:44	,QIAOZUN/巧尊天然玉髓大无事牌吊坠满绿挂件简约国风大气高品质	,玛瑙/玉髓	,银S925镀金镶嵌	,"	","	",6383680	,巧尊QIAOZUN	,6954415706435949997	,3	,否	,价格较高	,通过	,"	","	","	",玉髓	,玉髓	,银925	,"	","	",105.16g(含绳及签)	,镶嵌配石未检	,挂坠	,个	,合格	,完好无污损	,委托检测	,社会证明作用	,验证证书	,常温	
0217096337	,ZJ2607027358	,962607130020	,A54051056	,4	,2026-07-13 10:51:59	,2026-07-13 11:35:25	,2026-07-13 11:41:04	,2026-07-13 11:59:44	,QIAOZUN/巧尊天然玉髓大无事牌吊坠满绿挂件简约国风大气高品质	,玛瑙/玉髓	,银S925镀金镶嵌	,"	","	",6383680	,巧尊QIAOZUN	,6927888123234450906	,3	,否	,价格较高	,通过	,"	","	","	",玉髓	,玉髓	,银925	,"	","	",105.26g(含绳及签)	,镶嵌配石未检	,挂坠	,个	,合格	,完好无污损	,委托检测	,社会证明作用	,验证证书	,常温	
0233873553	,ZJ2607027359	,962607130020	,A54051056	,4	,2026-07-13 10:51:59	,2026-07-13 11:35:25	,2026-07-13 11:41:04	,2026-07-13 11:59:44	,QIAOZUN/巧尊天然玉髓大无事牌吊坠满绿挂件简约国风大气高品质	,玛瑙/玉髓	,银S925镀金镶嵌	,"	","	",6383680	,巧尊QIAOZUN	,6954417992651380141	,3	,否	,价格较高	,通过	,"	","	","	",玉髓	,玉髓	,银925	,"	","	",106.77g(含绳及签)	,镶嵌配石未检	,挂坠	,个	,合格	,完好无污损	,委托检测	,社会证明作用	,验证证书	,常温	
0066207838	,ZJ2607027314	,962607130009	,A54042615	,1	,2026-07-13 10:32:01	,2026-07-13 11:27:24	,2026-07-13 11:29:33	,2026-07-13 12:08:03	,吊坠(不含链)翡翠18K金镶嵌晶*葫芦	,翡翠	,18K金镶嵌	,"	","	",96288181	,曹玉轩珠宝	,6927880295743454659	,5.7	,否	,价格较高	,通过	,"	","	","	",钻石	,翡翠	,18K金	,"	","	",8.95g(含链及签)	,"商称:翡翠(A货);伴镶钻石,配链为银S925,转轴部分金属未测	",挂坠	,个	,合格	,完好无污损	,委托检测	,社会证明作用	,验证证书	,常温	
0334573713	,ZJ2607027354	,962607130020	,A54051056	,4	,2026-07-13 10:51:59	,2026-07-13 11:35:25	,2026-07-13 11:41:04	,2026-07-13 11:59:44	,QIAOZUN/巧尊天然玉髓紫罗兰14mm手链手串高品质精品洋气百搭	,玛瑙/玉髓	,未镶嵌	,"	","	",6383680	,巧尊QIAOZUN	,6954409345806177577	,3	,否	,价格较高	,通过	,"	","	","	",玉髓	,玉髓	,"	","	","	",45.22g(含签)	,---	,手链	,个	,合格	,完好无污损	,委托检测	,社会证明作用	,验证证书	,常温	
0552685674	,ZJ2607027332	,962607130014	,A54045898	,1	,2026-07-13 10:41:36	,2026-07-13 11:31:40	,2026-07-13 11:34:58	,2026-07-13 11:59:44	,手镯未镶嵌翡翠沐****?纯天然缅甸A货翡翠手镯，检测费不退	,翡翠	,未镶嵌	,"	","	",199749504	,得其利珠宝	,6927874211665575847	,3.8	,否	,价格较高	,通过	,"	","	","	","	",翡翠	,"	","	","	",48.14g(含绳及纸托)	,商称:翡翠(A货)	,手镯	,个	,合格	,完好无污损	,委托检测	,社会证明作用	,验证证书	,常温	
1072869391	,ZJ2607027333	,962607130014	,A54045898	,1	,2026-07-13 10:41:36	,2026-07-13 11:31:40	,2026-07-13 11:34:58	,2026-07-13 11:59:44	,手镯未镶嵌翡翠天然翡翠检测费不退	,翡翠	,未镶嵌	,"	","	",199749504	,得其利珠宝	,6927845878690447232	,3.8	,否	,880	,通过	,"	","	","	","	",翡翠	,"	","	","	",43.33g(含绳及纸托)	,商称:翡翠(A货)	,手镯	,个	,合格	,完好无污损	,委托检测	,社会证明作用	,验证证书	,常温	
0871510131	,ZJ2607027338	,962607130014	,A54045898	,1	,2026-07-13 10:41:36	,2026-07-13 11:31:40	,2026-07-13 11:34:58	,2026-07-13 11:59:44	,翡翠未镶嵌手镯纯天然缅甸翡翠手镯 检测费不退	,翡翠	,未镶嵌	,"	","	",199749504	,得其利珠宝	,6927876741823233881	,3.8	,否	,730	,通过	,"	","	","	","	",翡翠	,"	","	","	",45.47g(含绳及纸托)	,商称:翡翠(A货)	,手镯	,个	,合格	,完好无污损	,委托检测	,社会证明作用	,验证证书	,常温	
0988885007	,ZJ2607027339	,962607130014	,A54045898	,1	,2026-07-13 10:41:36	,2026-07-13 11:31:40	,2026-07-13 11:34:58	,2026-07-13 11:59:44	,未镶嵌翡翠手镯天然翡翠检测费不退	,翡翠	,未镶嵌	,"	","	",199749504	,得其利珠宝	,6927867875069755284	,3.8	,否	,880	,通过	,"	","	","	","	",翡翠	,"	","	","	",47.17g(含绳及纸托)	,商称:翡翠(A货)	,手镯	,个	,合格	,完好无污损	,委托检测	,社会证明作用	,验证证书	,常温	
0972087311	,ZJ2607027335	,962607130014	,A54045898	,1	,2026-07-13 10:41:36	,2026-07-13 11:31:40	,2026-07-13 11:34:58	,2026-07-13 11:59:44	,手镯未镶嵌翡翠纯天然缅甸A货翡翠手镯，检测费不退	,翡翠	,未镶嵌	,"	","	",199749504	,得其利珠宝	,6954378724974990637	,3.8	,否	,价格较高	,通过	,"	","	","	","	",翡翠	,"	","	","	",45.94g(含绳及纸托)	,商称:翡翠(A货)	,手镯	,个	,合格	,完好无污损	,委托检测	,社会证明作用	,验证证书	,常温	
0586178668	,ZJ2607027334	,962607130014	,A54045898	,1	,2026-07-13 10:41:36	,2026-07-13 11:31:40	,2026-07-13 11:34:58	,2026-07-13 11:59:44	,手镯翡翠未镶嵌纯天然缅甸翡翠 检测费不退	,翡翠	,未镶嵌	,"	","	",199749504	,得其利珠宝	,6954425026915997587	,3.8	,否	,880	,通过	,"	","	","	","	",翡翠	,"	","	","	",44.54g(含绳及纸托)	,商称:翡翠(A货)	,手镯	,个	,合格	,完好无污损	,委托检测	,社会证明作用	,验证证书	,常温	
0149979245	,ZJ2607027340	,962607130014	,A54045898	,1	,2026-07-13 10:41:36	,2026-07-13 11:31:40	,2026-07-13 11:34:58	,2026-07-13 11:59:44	,未镶嵌翡翠手镯纯天然缅甸翡翠手镯 检测费不退	,翡翠	,未镶嵌	,"	","	",199749504	,得其利珠宝	,6927889222523976798	,3.8	,否	,价格较高	,通过	,"	","	","	","	",翡翠	,"	","	","	",77.44g(含绳及纸托)	,商称:翡翠(A货)	,手镯	,个	,合格	,完好无污损	,委托检测	,社会证明作用	,验证证书	,常温	
0284364908	,ZJ2607027336	,962607130014	,A54045898	,1	,2026-07-13 10:41:36	,2026-07-13 11:31:40	,2026-07-13 11:34:58	,2026-07-13 11:59:44	,未镶嵌手镯翡翠会****朵纯天然缅甸翡翠手镯 检测费不退	,翡翠	,未镶嵌	,"	","	",199749504	,得其利珠宝	,6927876495647604051	,3.8	,否	,900	,通过	,"	","	","	","	",翡翠	,"	","	","	",47.80g(含绳及纸托)	,商称:翡翠(A货)	,手镯	,个	,合格	,完好无污损	,委托检测	,社会证明作用	,验证证书	,常温	
0502427755	,ZJ2607027350	,962607130019	,A54045911	,1	,2026-07-13 10:51:48	,2026-07-13 11:34:03	,2026-07-13 11:38:51	,2026-07-13 11:59:44	,手镯未镶嵌翡翠纯天然缅甸翡翠手镯 检测费不退	,翡翠	,未镶嵌	,"	","	",199749504	,得其利珠宝	,6927874038201482445	,3.8	,否	,价格较高	,通过	,"	","	","	","	",翡翠	,"	","	","	",49.39g(含绳及纸托)	,商称:翡翠(A货)	,手镯	,个	,合格	,完好无污损	,委托检测	,社会证明作用	,验证证书	,常温	
0787578987	,ZJ2607027352	,962607130019	,A54045911	,1	,2026-07-13 10:51:48	,2026-07-13 11:34:03	,2026-07-13 11:38:51	,2026-07-13 11:59:44	,未镶嵌手镯翡翠纯天然缅甸翡翠手镯 检测费不退	,翡翠	,未镶嵌	,"	","	",199749504	,得其利珠宝	,6954417415379228577	,3.8	,否	,740	,通过	,"	","	","	","	",翡翠	,"	","	","	",46.54g(含绳及纸托)	,商称:翡翠(A货)	,手镯	,个	,合格	,完好无污损	,委托检测	,社会证明作用	,验证证书	,常温	
0904970349	,ZJ2607027337	,962607130014	,A54045898	,1	,2026-07-13 10:41:36	,2026-07-13 11:31:40	,2026-07-13 11:34:58	,2026-07-13 11:59:44	,翡翠手镯未镶嵌纯天然缅甸翡翠 检测费不退	,翡翠	,未镶嵌	,"	","	",199749504	,得其利珠宝	,6927873718010543708	,3.8	,否	,价格较高	,通过	,"	","	","	","	",翡翠	,"	","	","	",40.59g(含绳及纸托)	,商称:翡翠(A货)	,手镯	,个	,合格	,完好无污损	,委托检测	,社会证明作用	,验证证书	,常温	
0804311149	,ZJ2607027349	,962607130019	,A54045911	,1	,2026-07-13 10:51:48	,2026-07-13 11:34:03	,2026-07-13 11:38:51	,2026-07-13 11:59:44	,未镶嵌手镯翡翠纯天然缅甸翡翠 检测费不退	,翡翠	,未镶嵌	,"	","	",199749504	,得其利珠宝	,6927882338691808300	,3.8	,否	,740	,通过	,"	","	","	","	",翡翠	,"	","	","	",44.55g(含绳及纸托)	,商称:翡翠(A货)	,手镯	,个	,合格	,完好无污损	,委托检测	,社会证明作用	,验证证书	,常温	
0485548141	,ZJ2607027351	,962607130019	,A54045911	,1	,2026-07-13 10:51:48	,2026-07-13 11:34:03	,2026-07-13 11:38:51	,2026-07-13 11:59:44	,未镶嵌翡翠手镯纯天然缅甸翡翠 检测费不退	,翡翠	,未镶嵌	,"	","	",199749504	,得其利珠宝	,6927869137303206956	,3.8	,否	,780	,通过	,"	","	","	","	",翡翠	,"	","	","	",43.90g(含绳及纸托)	,商称:翡翠(A货)	,手镯	,个	,合格	,完好无污损	,委托检测	,社会证明作用	,验证证书	,常温	
0904986639	,ZJ2607027326	,962607130012	,A54045829	,1	,2026-07-13 10:37:47	,2026-07-13 11:36:47	,2026-07-13 11:39:44	,2026-07-13 12:08:03	,翡翠手镯未镶嵌纯天然缅甸A货翡翠手镯，检测费不退	,翡翠	,未镶嵌	,"	","	",199749504	,得其利珠宝	,6927872404214152524	,3.8	,否	,价格较高	,通过	,"	","	","	","	",翡翠	,"	","	","	",46.34g(含绳及纸托)	,商称:翡翠(A货)	,手镯	,个	,合格	,完好无污损	,委托检测	,社会证明作用	,验证证书	,常温	
0837812239	,ZJ2607027316	,962607130010	,A54045622	,1	,2026-07-13 10:34:10	,2026-07-13 11:20:24	,2026-07-13 11:23:59	,2026-07-13 12:08:03	,手镯未镶嵌翡翠天然翡翠检测费不退	,翡翠	,未镶嵌	,"	","	",199749504	,得其利珠宝	,6954385274954585350	,3.8	,否	,900	,通过	,"	","	","	","	",翡翠	,"	","	","	",43.07g(含绳及纸托)	,商称:翡翠(A货)	,手镯	,个	,合格	,完好无污损	,委托检测	,社会证明作用	,验证证书	,常温	
0955433075	,ZJ2607027323	,962607130012	,A54045829	,1	,2026-07-13 10:37:47	,2026-07-13 11:36:47	,2026-07-13 11:39:44	,2026-07-13 12:08:03	,翡翠未镶嵌手镯纯天然缅甸翡翠手镯 检测费不退	,翡翠	,未镶嵌	,"	","	",199749504	,得其利珠宝	,6954399916949771448	,3.8	,否	,900	,通过	,"	","	","	","	",翡翠	,"	","	","	",45.59g(含绳及纸托)	,商称:翡翠(A货)	,手镯	,个	,合格	,完好无污损	,委托检测	,社会证明作用	,验证证书	,常温	
0418426989	,ZJ2607027325	,962607130012	,A54045829	,1	,2026-07-13 10:37:47	,2026-07-13 11:36:47	,2026-07-13 11:39:44	,2026-07-13 12:08:03	,翡翠未镶嵌手镯晴*儿纯天然缅甸翡翠 检测费不退	,翡翠	,未镶嵌	,"	","	",199749504	,得其利珠宝	,6927869147519352717	,3.8	,否	,780	,通过	,"	","	","	","	",翡翠	,"	","	","	",39.32g(含绳及纸托)	,商称:翡翠(A货)	,手镯	,个	,合格	,完好无污损	,委托检测	,社会证明作用	,验证证书	,常温	
0116392045	,ZJ2607027317	,962607130010	,A54045622	,1	,2026-07-13 10:34:10	,2026-07-13 11:20:24	,2026-07-13 11:23:59	,2026-07-13 12:08:03	,手镯未镶嵌翡翠纯天然缅甸A货翡翠手镯，检测费不退	,翡翠	,未镶嵌	,"	","	",199749504	,得其利珠宝	,6954405741230494924	,3.8	,否	,880	,通过	,"	","	","	","	",翡翠	,"	","	","	",43.91g(含绳及纸托)	,商称:翡翠(A货)	,手镯	,个	,合格	,完好无污损	,委托检测	,社会证明作用	,验证证书	,常温	
0737202283	,ZJ2607027328	,962607130012	,A54045829	,1	,2026-07-13 10:37:47	,2026-07-13 11:36:47	,2026-07-13 11:39:44	,2026-07-13 12:08:03	,手镯未镶嵌翡翠天然翡翠手镯-检测费不退	,翡翠	,未镶嵌	,"	","	",199749504	,得其利珠宝	,6954419372949509259	,3.8	,否	,840	,通过	,"	","	","	","	",翡翠	,"	","	","	",89.27g(含绳及纸托)	,商称:翡翠(A货)	,手镯	,个	,合格	,完好无污损	,委托检测	,社会证明作用	,验证证书	,常温	
0988827757	,ZJ2607027319	,962607130010	,A54045622	,1	,2026-07-13 10:34:10	,2026-07-13 11:20:24	,2026-07-13 11:23:59	,2026-07-13 12:08:03	,翡翠手镯未镶嵌纯天然缅甸A货翡翠手镯，检测费不退	,翡翠	,未镶嵌	,"	","	",199749504	,得其利珠宝	,6927876564365180123	,3.8	,否	,430	,通过	,"	","	","	","	",翡翠	,"	","	","	",44.45g(含绳及纸托)	,商称:翡翠(A货)	,手镯	,个	,合格	,完好无污损	,委托检测	,社会证明作用	,验证证书	,常温	
0703815795	,ZJ2607027324	,962607130012	,A54045829	,1	,2026-07-13 10:37:47	,2026-07-13 11:36:47	,2026-07-13 11:39:44	,2026-07-13 12:08:03	,未镶嵌手镯翡翠纯天然缅甸翡翠手镯 检测费不退	,翡翠	,未镶嵌	,"	","	",199749504	,得其利珠宝	,6954415485335574196	,3.8	,否	,价格较高	,通过	,"	","	","	","	",翡翠	,"	","	","	",49.74g(含绳及纸托)	,商称:翡翠(A货)	,手镯	,个	,合格	,完好无污损	,委托检测	,社会证明作用	,验证证书	,常温	
0317923443	,ZJ2607027321	,962607130010	,A54045622	,1	,2026-07-13 10:34:10	,2026-07-13 11:20:24	,2026-07-13 11:23:59	,2026-07-13 12:08:03	,手镯未镶嵌翡翠纯天然缅甸翡翠手镯 检测费不退	,翡翠	,未镶嵌	,"	","	",199749504	,得其利珠宝	,6927876704891797476	,3.8	,否	,760	,通过	,"	","	","	","	",翡翠	,"	","	","	",40.77g(含绳及纸托)	,商称:翡翠(A货)	,手镯	,个	,合格	,完好无污损	,委托检测	,社会证明作用	,验证证书	,常温	
0602972268	,ZJ2607027329	,962607130012	,A54045829	,1	,2026-07-13 10:37:47	,2026-07-13 11:36:47	,2026-07-13 11:39:44	,2026-07-13 12:08:03	,未镶嵌翡翠手镯纯天然缅甸翡翠 检测费不退	,翡翠	,未镶嵌	,"	","	",199749504	,得其利珠宝	,6927887118574255115	,3.8	,否	,830	,通过	,"	","	","	","	",翡翠	,"	","	","	",46.76g(含绳及纸托)	,商称:翡翠(A货)	,手镯	,个	,合格	,完好无污损	,委托检测	,社会证明作用	,验证证书	,常温	
0586264691	,ZJ2607027318	,962607130010	,A54045622	,1	,2026-07-13 10:34:10	,2026-07-13 11:20:24	,2026-07-13 11:23:59	,2026-07-13 12:08:03	,手镯翡翠未镶嵌纯天然缅甸翡翠手镯 检测费不退	,翡翠	,未镶嵌	,"	","	",199749504	,得其利珠宝	,6927890026099736033	,3.8	,否	,价格较高	,通过	,"	","	","	","	",翡翠	,"	","	","	",44.88g(含绳及纸托)	,商称:翡翠(A货)	,手镯	,个	,合格	,完好无污损	,委托检测	,社会证明作用	,验证证书	,常温	
0955490412	,ZJ2607027327	,962607130012	,A54045829	,1	,2026-07-13 10:37:47	,2026-07-13 11:36:47	,2026-07-13 11:39:44	,2026-07-13 12:08:03	,未镶嵌手镯翡翠天然缅甸翡翠 检测费不退	,翡翠	,未镶嵌	,"	","	",199749504	,得其利珠宝	,6954415205087844085	,3.8	,否	,630	,通过	,"	","	","	","	",翡翠	,"	","	","	",42.09g(含绳及纸托)	,商称:翡翠(A货)	,手镯	,个	,合格	,完好无污损	,委托检测	,社会证明作用	,验证证书	,常温	
0301162602	,ZJ2607027320	,962607130010	,A54045622	,1	,2026-07-13 10:34:10	,2026-07-13 11:20:24	,2026-07-13 11:23:59	,2026-07-13 12:08:03	,翡翠未镶嵌手镯?****?纯天然缅甸A货翡翠手镯，检测费不退	,翡翠	,未镶嵌	,"	","	",199749504	,得其利珠宝	,6927880660078787639	,3.8	,否	,780	,通过	,"	","	","	","	",翡翠	,"	","	","	",44.65g(含绳及纸托)	,商称:翡翠(A货)	,手镯	,个	,合格	,完好无污损	,委托检测	,社会证明作用	,验证证书	,常温	
0569512047	,ZJ2607027305	,962607130006	,A54026979	,1	,2026-07-13 10:27:52	,2026-07-13 11:23:43	,2026-07-13 11:26:35	,2026-07-13 12:08:03	,丁***山定制翡翠未镶嵌翡翠	,定制翡翠	,未镶嵌	,"	","	",261203825	,珍萃坊珠宝阁	,6927766658319613926	,5.7	,否	,价格较高	,通过	,"	","	","	","	",翡翠	,"	","	","	",112.69g(含绳)	,"褐黄色颜色成因未定;镶嵌配石未检,金属未测	",项链	,个	,合格	,完好无污损	,委托检测	,社会证明作用	,验证证书	,常温	
0603062383	,ZJ2607027306	,962607130006	,A54026979	,1	,2026-07-13 10:27:52	,2026-07-13 11:23:43	,2026-07-13 11:26:35	,2026-07-13 12:08:03	,丁***山未镶嵌定制翡翠翡翠	,定制翡翠	,未镶嵌	,"	","	",261203825	,珍萃坊珠宝阁	,6927762706696077286	,5.7	,否	,价格较高	,通过	,"	","	","	","	",翡翠	,"	","	","	",154.47g(含绳)	,"褐黄色颜色成因未定;镶嵌配石未检,金属未测	",项链	,个	,合格	,完好无污损	,委托检测	,社会证明作用	,验证证书	,常温	
0669989820	,ZJ2607027304	,962607130006	,A54026979	,1	,2026-07-13 10:27:52	,2026-07-13 11:23:43	,2026-07-13 11:26:35	,2026-07-13 11:21:20	,一***名未镶嵌定制翡翠翡翠	,定制翡翠	,未镶嵌	,"	","	",261203825	,珍萃坊珠宝阁	,6953961260589782975	,0	,否	,价格较高	,不通过	,Q002	,混杂石	,"	","	","	","	","	","	",116.22g	,"	","	",个	,不合格	,驳回	,委托检测	,社会证明作用	,验证证书	,常温	
1072947307	,ZJ2607027310	,962607130008	,A54045712	,1	,2026-07-13 10:30:02	,2026-07-13 11:17:13	,2026-07-13 11:23:18	,2026-07-13 12:08:03	,翡翠手镯未镶嵌天然翡翠手镯-检测费不退	,翡翠	,未镶嵌	,"	","	",199749504	,得其利珠宝	,6927871768402099989	,3.8	,否	,730	,通过	,"	","	","	","	",翡翠	,"	","	","	",43.96g(含绳及纸托)	,商称:翡翠(A货)	,手镯	,个	,合格	,完好无污损	,委托检测	,社会证明作用	,验证证书	,常温	
0770818159	,ZJ2607027294	,962607130002	,A54046173	,1	,2026-07-13 10:18:26	,2026-07-13 11:18:24	,2026-07-13 11:19:55	,2026-07-13 12:08:03	,丁***山定制翡翠未镶嵌翡翠	,定制翡翠	,未镶嵌	,"	","	",261203825	,珍萃坊珠宝阁	,6927766644451147750	,3.8	,否	,价格较高	,通过	,"	","	","	","	",翡翠	,"	","	","	",78.04g(含绳)	,"褐黄色颜色成因未定,配石未检	",挂坠	,个	,合格	,完好无污损	,委托检测	,社会证明作用	,验证证书	,常温	
0435368047	,ZJ2607027295	,962607130002	,A54046173	,1	,2026-07-13 10:18:26	,2026-07-13 11:18:24	,2026-07-13 11:19:55	,2026-07-13 12:08:03	,定制翡翠未镶嵌翡翠	,定制翡翠	,未镶嵌	,"	","	",261203825	,珍萃坊珠宝阁	,6954364753359083122	,3.8	,否	,399	,通过	,"	","	","	","	",翡翠	,"	","	","	",79.46g(含绳)	,"褐黄色颜色成因未定,配石未检	",挂坠	,个	,合格	,完好无污损	,委托检测	,社会证明作用	,验证证书	,常温	
0871510127	,ZJ2607027296	,962607130002	,A54046173	,1	,2026-07-13 10:18:26	,2026-07-13 11:18:24	,2026-07-13 11:19:55	,2026-07-13 12:08:03	,丁***山未镶嵌定制翡翠翡翠	,定制翡翠	,未镶嵌	,"	","	",261203825	,珍萃坊珠宝阁	,6927783670582181862	,5.7	,否	,800	,通过	,"	","	","	","	",翡翠	,"	","	","	",98.40g(含绳)	,"商称:翡翠(A货);镶嵌配石未检,金属未测	",项链	,个	,合格	,完好无污损	,委托检测	,社会证明作用	,验证证书	,常温	
0485515279	,ZJ2607027308	,962607130008	,A54045712	,1	,2026-07-13 10:30:02	,2026-07-13 11:17:13	,2026-07-13 11:23:18	,2026-07-13 12:08:03	,手镯翡翠未镶嵌纯天然缅甸A货翡翠手镯，检测费不退	,翡翠	,未镶嵌	,"	","	",199749504	,得其利珠宝	,6927874685901897507	,3.8	,否	,740	,通过	,"	","	","	","	",翡翠	,"	","	","	",44.69g(含绳及纸托)	,商称:翡翠(A货)	,手镯	,个	,合格	,完好无污损	,委托检测	,社会证明作用	,验证证书	,常温	
0703602797	,ZJ2607027309	,962607130008	,A54045712	,1	,2026-07-13 10:30:02	,2026-07-13 11:17:13	,2026-07-13 11:23:18	,2026-07-13 12:08:03	,翡翠手镯未镶嵌纯天然缅甸A货翡翠手镯，检测费不退	,翡翠	,未镶嵌	,"	","	",199749504	,得其利珠宝	,6954410863330006400	,3.8	,否	,价格较高	,通过	,"	","	","	","	",翡翠	,"	","	","	",44.92g(含绳及纸托)	,商称:翡翠(A货)	,手镯	,个	,合格	,完好无污损	,委托检测	,社会证明作用	,验证证书	,常温	
0921919502	,ZJ2607027311	,962607130008	,A54045712	,1	,2026-07-13 10:30:02	,2026-07-13 11:17:13	,2026-07-13 11:23:18	,2026-07-13 12:08:03	,手镯未镶嵌翡翠纯天然缅甸A货翡翠手镯，检测费不退	,翡翠	,未镶嵌	,"	","	",199749504	,得其利珠宝	,6927850374857063470	,3.8	,否	,价格较高	,通过	,"	","	","	","	",翡翠	,"	","	","	",45.92g(含绳及纸托)	,商称:翡翠(A货)	,手镯	,个	,合格	,完好无污损	,委托检测	,社会证明作用	,验证证书	,常温	
0619757679	,ZJ2607027303	,962607130005	,A54046105	,1	,2026-07-13 10:26:24	,2026-07-13 11:14:48	,2026-07-13 11:18:42	,2026-07-13 12:08:03	,人***途定制翡翠未镶嵌翡翠	,定制翡翠	,未镶嵌	,"	","	",274562790	,十美珠宝阁	,6954325882296603679	,3.8	,否	,1000	,通过	,"	","	","	","	",翡翠	,"	","	","	",179.78g(含绳)	,褐黄色颜色成因未定;配珠未检	,挂坠	,个	,合格	,完好无污损	,委托检测	,社会证明作用	,验证证书	,常温	
0670191724	,ZJ2607027312	,962607130008	,A54045712	,1	,2026-07-13 10:30:02	,2026-07-13 11:17:13	,2026-07-13 11:23:18	,2026-07-13 12:08:03	,手镯未镶嵌翡翠玲*?纯天然缅甸翡翠 检测费不退	,翡翠	,未镶嵌	,"	","	",199749504	,得其利珠宝	,6927889343194496209	,3.8	,否	,760	,通过	,"	","	","	","	",翡翠	,"	","	","	",45.69g(含绳及纸托)	,商称:翡翠(A货)	,手镯	,个	,合格	,完好无污损	,委托检测	,社会证明作用	,验证证书	,常温	
0703770731	,ZJ2607027313	,962607130008	,A54045712	,1	,2026-07-13 10:30:02	,2026-07-13 11:17:13	,2026-07-13 11:23:18	,2026-07-13 12:08:03	,手镯翡翠未镶嵌纯天然缅甸翡翠手镯 检测费不退	,翡翠	,未镶嵌	,"	","	",199749504	,得其利珠宝	,6954415144130712707	,3.8	,否	,价格较高	,通过	,"	","	","	","	",翡翠	,"	","	","	",52.65g(含绳及纸托)	,商称:翡翠(A货)	,手镯	,个	,合格	,完好无污损	,委托检测	,社会证明作用	,验证证书	,常温	
0686968944	,ZJ2607027298	,962607130004	,A54046348	,1	,2026-07-13 10:19:01	,2026-07-13 11:29:56	,2026-07-13 11:36:52	,2026-07-13 12:08:03	,慈***生定制翡翠未镶嵌天然翡翠	,定制翡翠	,未镶嵌	,"	","	",131297711	,大头翡翠玉石文化	,6927832612403248656	,3.8	,否	,980	,通过	,"	","	","	","	",翡翠	,"	","	","	",57.63g(含绳)	,商称:翡翠(A货);配石未检	,挂坠	,个	,合格	,完好无污损	,委托检测	,社会证明作用	,验证证书	,常温	
1005711472	,ZJ2607027301	,962607130004	,A54046348	,1	,2026-07-13 10:19:01	,2026-07-13 11:29:56	,2026-07-13 11:36:52	,2026-07-13 12:08:03	,未镶嵌定制翡翠翡翠	,定制翡翠	,未镶嵌	,"	","	",131297711	,大头翡翠玉石文化	,6954291176091031407	,3.8	,否	,299	,通过	,"	","	","	","	",翡翠	,"	","	","	",57.58g(含绳)	,"商称:翡翠(A货);镶嵌配石未检,配石未检,金属未测	",挂坠	,个	,合格	,完好无污损	,委托检测	,社会证明作用	,验证证书	,常温	
0216915737	,ZJ2607027300	,962607130004	,A54046348	,1	,2026-07-13 10:19:01	,2026-07-13 11:29:56	,2026-07-13 11:36:52	,2026-07-13 12:08:03	,牛***草定制翡翠未镶嵌翡翠	,定制翡翠	,未镶嵌	,"	","	",131297711	,大头翡翠玉石文化	,6954290358096237808	,3.8	,否	,399	,通过	,"	","	","	","	",翡翠	,"	","	","	",84.02g(含绳)	,颜色成因未定;配石未检	,挂坠	,个	,合格	,完好无污损	,委托检测	,社会证明作用	,验证证书	,常温	
0133267568	,ZJ2607027299	,962607130004	,A54046348	,1	,2026-07-13 10:19:01	,2026-07-13 11:29:56	,2026-07-13 11:36:52	,2026-07-13 11:28:42	,深***蓝定制翡翠未镶嵌天然翡翠	,定制翡翠	,未镶嵌	,"	","	",131297711	,大头翡翠玉石文化	,6954299479198144367	,0	,否	,价格较高	,不通过	,Q022	,颜色成因未定	,"	","	","	","	","	","	",74.84g	,"	","	",个	,不合格	,驳回	,委托检测	,社会证明作用	,验证证书	,常温	
0720490608	,ZJ2607027302	,962607130004	,A54046348	,1	,2026-07-13 10:19:01	,2026-07-13 11:29:56	,2026-07-13 11:36:52	,2026-07-13 12:08:03	,深***蓝定制翡翠未镶嵌天然翡翠	,定制翡翠	,未镶嵌	,"	","	",131297711	,大头翡翠玉石文化	,6954290920947783535	,3.8	,否	,价格较高	,通过	,"	","	","	","	",翡翠	,"	","	","	",95.71g(含绳)	,商称:翡翠(A货);配石未检	,挂坠	,个	,合格	,完好无污损	,委托检测	,社会证明作用	,验证证书	,常温	
0284221551	,ZJ2607027297	,962607130003	,A54046137	,1	,2026-07-13 10:19:00	,2026-07-13 11:19:44	,2026-07-13 11:24:35	,2026-07-13 12:08:03	,人***途定制翡翠未镶嵌翡翠	,定制翡翠	,未镶嵌	,"	","	",274562790	,十美珠宝阁	,6954325937237201951	,3.8	,否	,888	,通过	,"	","	","	","	",翡翠	,"	","	","	",141.08g(含绳)	,褐黄色颜色成因未定;配珠未检	,挂坠	,个	,合格	,完好无污损	,委托检测	,社会证明作用	,验证证书	,常温	
0099717233	,ZJ2607027307	,962607130007	,A54046442	,1	,2026-07-13 10:28:15	,2026-07-13 11:19:04	,2026-07-13 11:20:30	,2026-07-13 12:08:03	,定制翡翠未镶嵌翡翠	,定制翡翠	,未镶嵌	,"	","	",236150306	,轩彦翡翠玉雕	,6954324547148518910	,3.8	,否	,399	,通过	,"	","	","	","	",翡翠	,"	","	","	",76.70g(含绳)	,"商称:翡翠(A货);镶嵌配石未检,配珠未检,金属未测	",挂坠	,个	,合格	,完好无污损	,委托检测	,社会证明作用	,验证证书	,常温	
0921792623	,ZJ2607027293	,962607130001	,A54046152	,1	,2026-07-13 10:14:36	,2026-07-13 11:16:06	,2026-07-13 11:21:35	,2026-07-13 12:08:03	,城***山定制翡翠未镶嵌翡翠	,定制翡翠	,未镶嵌	,"	","	",261203825	,珍萃坊珠宝阁	,6927764015763390249	,3.8	,否	,399	,通过	,"	","	","	","	",翡翠	,"	","	","	",34.34g(含绳)	,商称:翡翠(A货);配珠未检	,挂坠	,个	,合格	,完好无污损	,委托检测	,社会证明作用	,验证证书	,常温	
0150052975	,ZJ2607027292	,962607130001	,A54046152	,1	,2026-07-13 10:14:36	,2026-07-13 11:16:06	,2026-07-13 11:21:35	,2026-07-13 12:08:03	,丁***山定制翡翠未镶嵌翡翠	,定制翡翠	,未镶嵌	,"	","	",261203825	,珍萃坊珠宝阁	,6927764973371949030	,5.7	,否	,499	,通过	,"	","	","	","	",翡翠	,"	","	","	",125.10g(含绳)	,褐黄色颜色成因未定;金属未测	,项链	,个	,合格	,完好无污损	,委托检测	,社会证明作用	,验证证书	,常温	
0485593199	,ZJ2607027291	,962607130001	,A54046152	,1	,2026-07-13 10:14:36	,2026-07-13 11:16:06	,2026-07-13 11:21:35	,2026-07-13 12:08:03	,城***山定制翡翠未镶嵌翡翠	,定制翡翠	,未镶嵌	,"	","	",261203825	,珍萃坊珠宝阁	,6927744438119726889	,3.8	,否	,价格较高	,通过	,"	","	","	","	",翡翠	,"	","	","	",81.22g(含绳)	,褐黄色颜色成因未定;配珠未检	,挂坠	,个	,合格	,完好无污损	,委托检测	,社会证明作用	,验证证书	,常温	
